X,Y,Z
1.906890869140625,-44.05860137939453,9.773193359375
1.905853271484375,-44.00554656982422,9.73687744140625
1.909881591796875,-43.96773147583008,9.713836669921875
1.898712158203125,-43.906856536865234,9.75262451171875
1.842437744140625,-43.887630462646484,9.784454345703125
1.888580322265625,-43.9156379699707,9.85675048828125
1.939849853515625,-43.95792007446289,9.89031982421875
2.01959228515625,-43.95834732055664,9.855758666992188
2.165374755859375,-43.93230438232422,9.716476440429688
2.334136962890625,-43.97455978393555,9.635452270507812
2.535736083984375,-44.062625885009766,9.537078857421875
2.7227783203125,-44.08875274658203,9.360992431640625
2.87945556640625,-44.05049133300781,9.218490600585938
2.89459228515625,-44.022605895996094,9.23529052734375
2.947906494140625,-44.09157180786133,9.19952392578125
3.02301025390625,-44.11955261230469,9.194091796875
3.110870361328125,-44.172698974609375,9.195297241210938
3.12890625,-44.22016525268555,9.19647216796875
3.18701171875,-44.23933029174805,9.2454833984375
3.22406005859375,-44.221317291259766,9.29998779296875
3.290435791015625,-44.21213912963867,9.347030639648438
3.271453857421875,-44.225486755371094,9.383636474609375
3.293670654296875,-44.23031234741211,9.397109985351562
3.26885986328125,-44.21116256713867,9.428848266601562
3.3436279296875,-44.133445739746094,9.423843383789062
3.37188720703125,-44.13092041015625,9.464813232421875
3.332977294921875,-44.07877731323242,9.475540161132812
3.32916259765625,-44.096412658691406,9.44952392578125
3.323822021484375,-44.13336181640625,9.459030151367188
3.326385498046875,-44.1505126953125,9.433212280273438
3.297821044921875,-44.07814407348633,9.433425903320312
3.306884765625,-44.104331970214844,9.51953125
3.340423583984375,-44.09602355957031,9.576492309570312
3.340423583984375,-44.09602355957031,9.576492309570312
3.4046630859375,-44.056312561035156,9.649642944335938
3.462158203125,-44.07032775878906,9.7535400390625
3.5167236328125,-44.04804992675781,9.831649780273438
3.50933837890625,-44.088104248046875,9.8372802734375
3.56201171875,-44.144596099853516,9.867034912109375
3.584686279296875,-44.11452102661133,9.878753662109375
3.579254150390625,-44.06193923950195,9.936843872070312
3.662078857421875,-44.00901794433594,10.021865844726562
3.65057373046875,-44.006107330322266,10.065933227539062
3.7191162109375,-44.025787353515625,10.060195922851562
3.670654296875,-44.00807189941406,10.05047607421875
3.689727783203125,-44.02020263671875,10.0743408203125
3.69110107421875,-44.00755310058594,10.057159423828125
3.70050048828125,-44.010284423828125,10.059249877929688
3.715728759765625,-44.062782287597656,10.074691772460938
3.7073974609375,-44.048851013183594,10.051742553710938
3.6650390625,-44.12389373779297,9.982589721679688
3.686676025390625,-44.12798309326172,9.962783813476562
3.622100830078125,-44.06342315673828,9.86419677734375
3.530303955078125,-44.07955551147461,9.818649291992188
3.467010498046875,-44.09126281738281,9.707290649414062
3.445068359375,-44.049217224121094,9.7099609375
3.374755859375,-44.006534576416016,9.672256469726562
3.356689453125,-44.025604248046875,9.703369140625
3.388641357421875,-43.94377899169922,9.766555786132812
3.383148193359375,-43.91532897949219,9.805313110351562
3.41864013671875,-43.95169448852539,9.887069702148438
3.49530029296875,-43.87894821166992,9.992828369140625
3.520599365234375,-43.7950439453125,10.05712890625
3.564849853515625,-43.7731819152832,10.12548828125
3.77886962890625,-43.742828369140625,10.241104125976562
3.930938720703125,-43.734161376953125,10.219970703125
4.139495849609375,-43.68498611450195,10.119491577148438
4.23651123046875,-43.587120056152344,10.056625366210938
4.306427001953125,-43.56085205078125,10.095428466796875
4.45562744140625,-43.64725112915039,10.054168701171875
4.504150390625,-43.628353118896484,10.028152465820312
4.531524658203125,-43.66948699951172,10.008987426757812
4.611419677734375,-43.630455017089844,10.003707885742188
4.678466796875,-43.589622497558594,10.143508911132812
4.670684814453125,-43.53504943847656,10.351486206054688
4.72076416015625,-43.490272521972656,10.465545654296875
4.702392578125,-43.513519287109375,10.478179931640625
4.68792724609375,-43.530941009521484,10.51513671875
4.72991943359375,-43.490760803222656,10.53082275390625
4.77630615234375,-43.494083404541016,10.4837646484375
4.859283447265625,-43.502716064453125,10.415054321289062
4.94390869140625,-43.48406982421875,10.369461059570312
4.9310302734375,-43.539031982421875,10.329345703125
4.974090576171875,-43.50929641723633,10.289321899414062
5.049774169921875,-43.556854248046875,10.192108154296875
5.079071044921875,-43.53963851928711,10.161422729492188
5.155975341796875,-43.54975891113281,10.136428833007812
5.169647216796875,-43.53412628173828,10.078826904296875
5.18280029296875,-43.49224853515625,10.091506958007812
5.1942138671875,-43.52001953125,10.10626220703125
5.20416259765625,-43.524593353271484,10.077590942382812
5.236663818359375,-43.51853942871094,10.165557861328125
5.22723388671875,-43.50645446777344,10.164047241210938
5.2535400390625,-43.510711669921875,10.187347412109375
5.2174072265625,-43.51349639892578,10.14697265625
5.25006103515625,-43.48769760131836,10.077880859375
5.306060791015625,-43.45821762084961,9.969131469726562
5.352081298828125,-43.413475036621094,9.9716796875
5.4359130859375,-43.34326934814453,9.8758544921875
5.449005126953125,-43.40382385253906,9.95123291015625
5.519744873046875,-43.43352508544922,10.01031494140625
5.616668701171875,-43.493621826171875,10.013717651367188
5.6964111328125,-43.49081802368164,10.06658935546875
5.768310546875,-43.452335357666016,10.076339721679688
5.7353515625,-43.45539474487305,10.167266845703125
5.612701416015625,-43.33747100830078,10.259658813476562
5.591094970703125,-43.31513214111328,10.37017822265625
5.56103515625,-43.301918029785156,10.483413696289062
5.5361328125,-43.273311614990234,10.5107421875
5.587982177734375,-43.253143310546875,10.4610595703125
5.56768798828125,-43.2486572265625,10.361709594726562
5.59381103515625,-43.278141021728516,10.321517944335938
5.574615478515625,-43.250118255615234,10.327178955078125
5.5736083984375,-43.31892395019531,10.340835571289062
5.637237548828125,-43.3134651184082,10.393234252929688
5.630950927734375,-43.3680419921875,10.361846923828125
5.65484619140625,-43.39292907714844,10.381729125976562
5.617218017578125,-43.40339660644531,10.3880615234375
5.542938232421875,-43.4448127746582,10.413009643554688
5.45098876953125,-43.44379425048828,10.371994018554688
5.321990966796875,-43.409915924072266,10.329452514648438
5.215789794921875,-43.33061981201172,10.463287353515625
5.1090087890625,-43.359859466552734,10.493240356445312
5.04583740234375,-43.38544845581055,10.526275634765625
4.9599609375,-43.39096450805664,10.5679931640625
4.85345458984375,-43.38737106323242,10.5723876953125
4.719940185546875,-43.36138153076172,10.683975219726562
4.623321533203125,-43.37657165527344,10.734542846679688
4.503662109375,-43.367183685302734,10.866531372070312
4.423919677734375,-43.41832733154297,11.06475830078125
4.32952880859375,-43.445533752441406,11.261749267578125
4.26934814453125,-43.484249114990234,11.378890991210938
4.263519287109375,-43.42182159423828,11.481399536132812
4.210418701171875,-43.43130111694336,11.40960693359375
4.2020263671875,-43.487152099609375,11.403427124023438
4.24151611328125,-43.492271423339844,11.431350708007812
4.2532958984375,-43.512786865234375,11.406326293945312
4.27008056640625,-43.5832405090332,11.424285888671875
4.17529296875,-43.566219329833984,11.337081909179688
4.207550048828125,-43.540164947509766,11.370620727539062
4.21160888671875,-43.50714111328125,11.443435668945312
4.25048828125,-43.48570251464844,11.469833374023438
4.294097900390625,-43.460792541503906,11.61468505859375
4.363128662109375,-43.422035217285156,11.63006591796875
4.38262939453125,-43.454036712646484,11.646026611328125
4.474517822265625,-43.59877014160156,11.678421020507812
4.42474365234375,-43.62309265136719,11.65362548828125
4.425323486328125,-43.59059524536133,11.630813598632812
4.428375244140625,-43.57322692871094,11.66632080078125
4.446929931640625,-43.59941482543945,11.655502319335938
4.506256103515625,-43.56691360473633,11.667449951171875
4.580780029296875,-43.47886276245117,11.591140747070312
4.64056396484375,-43.403568267822266,11.65447998046875
4.656707763671875,-43.37852478027344,11.7030029296875
4.63372802734375,-43.40190505981445,11.852645874023438
4.586883544921875,-43.406890869140625,11.9144287109375
4.509674072265625,-43.331233978271484,11.971176147460938
4.5140380859375,-43.29450225830078,12.002532958984375
4.462188720703125,-43.29375457763672,12.010971069335938
4.44061279296875,-43.267311096191406,12.050323486328125
4.4007568359375,-43.22966766357422,12.026031494140625
4.393035888671875,-43.2324333190918,12.031417846679688
4.431365966796875,-43.24098205566406,12.036773681640625
4.34771728515625,-43.292701721191406,11.976547241210938
4.308624267578125,-43.2649040222168,11.905044555664062
4.2799072265625,-43.18260192871094,11.892486572265625
4.241851806640625,-43.179054260253906,11.8765869140625
4.206756591796875,-43.142425537109375,11.867706298828125
4.167205810546875,-43.151702880859375,11.812789916992188
4.1258544921875,-43.145633697509766,11.792373657226562
4.123046875,-43.16044235229492,11.74688720703125
4.103912353515625,-43.14163589477539,11.733749389648438
4.1182861328125,-43.18330001831055,11.777267456054688
4.146728515625,-43.10354995727539,11.82061767578125
4.1788330078125,-43.10138702392578,11.923171997070312
4.2314453125,-43.10930633544922,12.082046508789062
4.30535888671875,-43.08539581298828,12.09490966796875
4.376953125,-43.098915100097656,12.1864013671875
4.430816650390625,-43.087677001953125,12.264999389648438
4.419342041015625,-43.068092346191406,12.2115478515625
4.35418701171875,-43.0830192565918,12.1488037109375
4.30419921875,-43.06867980957031,12.101638793945312
4.230133056640625,-43.043212890625,12.042327880859375
4.192901611328125,-42.99979019165039,12.061935424804688
4.2230224609375,-42.97234344482422,12.095733642578125
4.229217529296875,-42.94215774536133,12.14703369140625
4.2886962890625,-42.9394416809082,12.162994384765625
4.340362548828125,-42.994102478027344,12.212173461914062
4.384979248046875,-42.98960494995117,12.366500854492188
4.462677001953125,-43.005191802978516,12.42230224609375
4.508758544921875,-42.936214447021484,12.495498657226562
4.4830322265625,-42.9008674621582,12.500579833984375
4.55963134765625,-42.93797302246094,12.521453857421875
4.653472900390625,-42.995811462402344,12.5926513671875
4.62335205078125,-42.94620895385742,12.593612670898438
4.53375244140625,-42.904964447021484,12.573837280273438
4.49505615234375,-42.93925094604492,12.501220703125
4.5107421875,-42.98161315917969,12.49566650390625
4.517059326171875,-42.994388580322266,12.508163452148438
4.483734130859375,-42.980953216552734,12.443038940429688
4.503173828125,-42.9610710144043,12.484786987304688
4.5189208984375,-42.93593978881836,12.549789428710938
4.5340576171875,-42.859130859375,12.589126586914062
4.48736572265625,-42.846343994140625,12.562835693359375
4.44744873046875,-42.82935333251953,12.502960205078125
4.396240234375,-42.83692932128906,12.47705078125
4.3856201171875,-42.83150863647461,12.442153930664062
4.311798095703125,-42.85414505004883,12.385543823242188
4.318267822265625,-42.84017562866211,12.331436157226562
4.27520751953125,-42.858055114746094,12.357650756835938
4.305084228515625,-42.876163482666016,12.349334716796875
4.36859130859375,-42.912593841552734,12.3607177734375
4.33538818359375,-42.939693450927734,12.371826171875
4.366241455078125,-42.86112976074219,12.386566162109375
4.295928955078125,-42.87068557739258,12.411209106445312
4.311859130859375,-42.83304977416992,12.37579345703125
4.310546875,-42.911434173583984,12.317276000976562
4.21649169921875,-42.87260437011719,12.281524658203125
4.181243896484375,-42.81107711791992,12.286514282226562
4.09423828125,-42.71974182128906,12.242294311523438
4.062835693359375,-42.720794677734375,12.234909057617188
4.09393310546875,-42.716609954833984,12.238372802734375
4.07196044921875,-42.77594757080078,12.229873657226562
4.098236083984375,-42.77140426635742,12.2391357421875
4.1513671875,-42.79395294189453,12.23870849609375
4.118927001953125,-42.72217559814453,12.226226806640625
4.04632568359375,-42.725467681884766,12.21929931640625
4.0535888671875,-42.69949722290039,12.275360107421875
4.109771728515625,-42.717281341552734,12.214859008789062
4.127471923828125,-42.74782943725586,12.204132080078125
4.137725830078125,-42.85231018066406,12.133895874023438
4.153961181640625,-42.86934280395508,12.14215087890625
4.14300537109375,-42.8066520690918,12.1373291015625
4.09979248046875,-42.800872802734375,12.12457275390625
4.0865478515625,-42.857398986816406,12.044143676757812
4.180328369140625,-42.91355895996094,12.0247802734375
4.1519775390625,-42.95909118652344,11.997116088867188
4.08953857421875,-42.894962310791016,12.040802001953125
4.0714111328125,-42.802371978759766,12.049667358398438
4.037567138671875,-42.85862350463867,12.04522705078125
4.106048583984375,-42.86332321166992,12.043197631835938
4.067108154296875,-42.85421371459961,11.974258422851562
4.017059326171875,-42.82294464111328,11.941986083984375
4.001617431640625,-42.82539749145508,11.953643798828125
3.9698486328125,-42.80099105834961,11.979537963867188
3.9779052734375,-42.721397399902344,11.963607788085938
3.975433349609375,-42.72138214111328,12.019989013671875
3.989898681640625,-42.669517517089844,12.091842651367188
3.979339599609375,-42.65205001831055,12.1268310546875
3.96258544921875,-42.640899658203125,12.155853271484375
3.944183349609375,-42.61402893066406,12.153884887695312
3.92864990234375,-42.51679229736328,12.186843872070312
3.952545166015625,-42.57330322265625,12.261947631835938
3.95135498046875,-42.58121871948242,12.240554809570312
3.967742919921875,-42.572776794433594,12.252548217773438
3.972625732421875,-42.568450927734375,12.266983032226562
3.979095458984375,-42.59196853637695,12.264129638671875
3.9984130859375,-42.57919692993164,12.3194580078125
4.001556396484375,-42.55797576904297,12.354385375976562
4.032501220703125,-42.623348236083984,12.390548706054688
4.056304931640625,-42.71867370605469,12.360260009765625
4.13128662109375,-42.70061111450195,12.30584716796875
4.130767822265625,-42.69942092895508,12.233657836914062
4.12939453125,-42.691551208496094,12.191482543945312
4.136688232421875,-42.77248001098633,12.207122802734375
4.116668701171875,-42.806034088134766,12.183547973632812
4.17315673828125,-42.778358459472656,12.166763305664062
4.260345458984375,-42.843868255615234,12.182205200195312
4.376617431640625,-42.95819091796875,12.27093505859375
4.47711181640625,-43.061073303222656,12.254302978515625
4.58441162109375,-43.15805435180664,12.2772216796875
4.630645751953125,-43.22831344604492,12.295074462890625
4.604461669921875,-43.27347183227539,12.282241821289062
4.672149658203125,-43.263851165771484,12.231124877929688
4.70654296875,-43.293128967285156,12.20733642578125
4.765960693359375,-43.27741241455078,12.096710205078125
4.875274658203125,-43.23146057128906,11.938430786132812
4.99591064453125,-43.150516510009766,11.821640014648438
5.022796630859375,-43.12228012084961,11.82464599609375
5.043060302734375,-43.137290954589844,11.996261596679688
5.039825439453125,-43.14003372192383,12.023757934570312
5.032135009765625,-43.151947021484375,11.99658203125
4.979949951171875,-43.13130187988281,12.057479858398438
4.928375244140625,-43.1345100402832,12.203506469726562
4.936309814453125,-43.14500427246094,12.303085327148438
4.90972900390625,-43.22016906738281,12.408889770507812
4.92901611328125,-43.229225158691406,12.563980102539062
4.880035400390625,-43.197265625,12.6561279296875
4.892242431640625,-43.087371826171875,12.665267944335938
4.922698974609375,-43.005741119384766,12.65106201171875
4.91802978515625,-43.00037384033203,12.636962890625
4.901763916015625,-42.975074768066406,12.649337768554688
4.946502685546875,-43.0193977355957,12.727813720703125
4.914093017578125,-43.0003547668457,12.66534423828125
4.972869873046875,-43.00823211669922,12.643447875976562
5.0103759765625,-42.98164367675781,12.62127685546875
5.046630859375,-43.019126892089844,12.683242797851562
5.14471435546875,-42.99348831176758,12.640838623046875
5.214385986328125,-43.013492584228516,12.61553955078125
5.24444580078125,-43.00807189941406,12.581436157226562
5.365325927734375,-42.98656463623047,12.530670166015625
5.444091796875,-42.973228454589844,12.4620361328125
5.501190185546875,-42.99087142944336,12.323577880859375
5.490570068359375,-43.01551055908203,12.306182861328125
5.511260986328125,-43.0114860534668,12.379684448242188
5.4959716796875,-43.011940002441406,12.385040283203125
5.512603759765625,-42.99987030029297,12.419113159179688
5.447296142578125,-42.97842788696289,12.5689697265625
5.412139892578125,-42.9936408996582,12.573699951171875
5.495849609375,-42.97750473022461,12.58660888671875
5.475677490234375,-43.00522232055664,12.52630615234375
5.49468994140625,-42.945682525634766,12.501235961914062
5.46331787109375,-42.91285705566406,12.6087646484375
5.46563720703125,-42.86971664428711,12.645858764648438
5.498321533203125,-42.86870574951172,12.688522338867188
5.56976318359375,-42.845394134521484,12.727249145507812
5.5792236328125,-42.831783294677734,12.73046875
5.593475341796875,-42.90545654296875,12.818435668945312
5.524444580078125,-42.86802673339844,12.814987182617188
5.610687255859375,-42.863189697265625,12.733749389648438
5.6942138671875,-42.817955017089844,12.618438720703125
5.749908447265625,-42.76248550415039,12.592086791992188
5.8270263671875,-42.7629508972168,12.595718383789062
5.8270263671875,-42.7629508972168,12.595718383789062
5.971099853515625,-42.80750274658203,12.57122802734375
6.0711669921875,-42.84479522705078,12.549026489257812
6.148956298828125,-42.81489181518555,12.579849243164062
6.1890869140625,-42.772518157958984,12.629318237304688
6.205474853515625,-42.74440002441406,12.673477172851562
6.260406494140625,-42.73180389404297,12.673416137695312
6.250640869140625,-42.70127868652344,12.668960571289062
6.316619873046875,-42.70338439941406,12.746994018554688
6.38897705078125,-42.66665267944336,12.720016479492188
6.40570068359375,-42.64982223510742,12.712417602539062
6.458984375,-42.561668395996094,12.766738891601562
6.5369873046875,-42.51475524902344,12.757766723632812
6.625823974609375,-42.586463928222656,12.821182250976562
6.61737060546875,-42.67069625854492,12.922775268554688
6.65277099609375,-42.64481735229492,13.006942749023438
6.7120361328125,-42.578365325927734,12.935104370117188
6.72332763671875,-42.56261444091797,12.867965698242188
6.678192138671875,-42.52927017211914,12.920761108398438
6.62823486328125,-42.532020568847656,12.991806030273438
6.715179443359375,-42.5506477355957,13.071884155273438
6.713775634765625,-42.59452819824219,13.162033081054688
6.78271484375,-42.63228225708008,13.14227294921875
6.7972412109375,-42.57184600830078,13.17938232421875
6.8358154296875,-42.47599411010742,13.173110961914062
6.880950927734375,-42.425880432128906,13.207611083984375
6.89984130859375,-42.378334045410156,13.285720825195312
6.93975830078125,-42.35495376586914,13.2396240234375
6.97802734375,-42.40895080566406,13.321640014648438
7.01971435546875,-42.374420166015625,13.399749755859375
7.011993408203125,-42.32490158081055,13.442825317382812
7.019073486328125,-42.34569549560547,13.484466552734375
6.97100830078125,-42.331520080566406,13.604629516601562
7.030120849609375,-42.29200744628906,13.761611938476562
7.066070556640625,-42.203575134277344,13.85443115234375
7.12615966796875,-42.20197296142578,13.881301879882812
7.148529052734375,-42.11298751831055,13.87542724609375
7.168060302734375,-42.09827423095703,13.93780517578125
7.21722412109375,-42.077362060546875,14.049224853515625
7.35986328125,-42.11077117919922,14.141281127929688
7.50067138671875,-42.059139251708984,14.15704345703125
7.551849365234375,-41.9969367980957,14.240142822265625
7.602142333984375,-41.95668029785156,14.255355834960938
7.69232177734375,-41.9886474609375,14.299331665039062
7.685791015625,-42.0290412902832,14.3397216796875
7.686859130859375,-42.03295135498047,14.3453369140625
7.599609375,-42.01798629760742,14.3499755859375
7.52587890625,-41.97572708129883,14.334152221679688
7.492706298828125,-41.894775390625,14.231536865234375
7.53240966796875,-41.92403793334961,14.196029663085938
7.577545166015625,-41.93260192871094,14.256805419921875
7.55126953125,-41.93920135498047,14.274703979492188
7.5108642578125,-41.949275970458984,14.30853271484375
7.493499755859375,-41.97294998168945,14.315765380859375
7.514373779296875,-41.95393753051758,14.258514404296875
7.44830322265625,-41.943328857421875,14.2755126953125
7.3651123046875,-42.038673400878906,14.363204956054688
7.30609130859375,-41.996177673339844,14.449951171875
7.207550048828125,-41.97826385498047,14.486251831054688
7.191131591796875,-41.985130310058594,14.424514770507812
7.12750244140625,-41.96141052246094,14.418212890625
7.167510986328125,-41.965171813964844,14.45184326171875
7.217803955078125,-42.018585205078125,14.543258666992188
7.225830078125,-42.06165313720703,14.529006958007812
7.211578369140625,-42.067317962646484,14.447311401367188
7.2188720703125,-42.048912048339844,14.503509521484375
7.205963134765625,-42.062042236328125,14.536849975585938
7.164703369140625,-42.0295524597168,14.511032104492188
7.082275390625,-42.03181076049805,14.494476318359375
7.005218505859375,-42.00320816040039,14.475006103515625
6.999114990234375,-41.98295211791992,14.540115356445312
7.013397216796875,-41.928707122802734,14.591690063476562
7.007080078125,-41.8981819152832,14.672103881835938
6.972442626953125,-41.931785583496094,14.6815185546875
6.95721435546875,-41.90342712402344,14.716537475585938
6.95855712890625,-41.88820266723633,14.661270141601562
6.998779296875,-41.83995819091797,14.61993408203125
6.9708251953125,-41.78067398071289,14.685333251953125
7.0528564453125,-41.75844192504883,14.83685302734375
7.071533203125,-41.758827209472656,14.842071533203125
7.121490478515625,-41.80895233154297,14.935226440429688
7.113494873046875,-41.80633544921875,14.873794555664062
7.062103271484375,-41.764503479003906,14.898529052734375
7.0482177734375,-41.765052795410156,14.9210205078125
7.08453369140625,-41.74440383911133,14.942306518554688
7.1126708984375,-41.688236236572266,15.02215576171875
7.198089599609375,-41.668888092041016,15.01788330078125
7.23095703125,-41.72224044799805,15.011322021484375
7.249359130859375,-41.713409423828125,15.02239990234375
7.20574951171875,-41.703975677490234,14.948760986328125
7.196685791015625,-41.704444885253906,14.966262817382812
7.222869873046875,-41.656898498535156,14.93658447265625
7.233795166015625,-41.690773010253906,14.881912231445312
7.2645263671875,-41.694026947021484,14.866073608398438
7.27960205078125,-41.71392822265625,14.87152099609375
7.2425537109375,-41.73400115966797,14.974777221679688
7.17083740234375,-41.68350601196289,15.082794189453125
7.139739990234375,-41.669254302978516,15.091690063476562
7.17266845703125,-41.67924880981445,15.03521728515625
7.12744140625,-41.73503494262695,15.027206420898438
7.0087890625,-41.77509307861328,15.083038330078125
6.974456787109375,-41.795616149902344,15.1690673828125
6.848785400390625,-41.81053161621094,15.178009033203125
6.606536865234375,-41.880401611328125,15.198944091796875
6.357421875,-41.97030258178711,15.241012573242188
6.044647216796875,-42.05457305908203,15.245376586914062
5.68731689453125,-42.097312927246094,15.129623413085938
5.323455810546875,-42.00577163696289,14.83746337890625
4.853118896484375,-41.98616027832031,14.560089111328125
4.1014404296875,-42.082496643066406,14.385391235351562
3.25653076171875,-42.20426559448242,14.208816528320312
2.3209228515625,-42.327152252197266,14.056686401367188
1.2738037109375,-42.39918518066406,13.819412231445312
0.000640869140625,-42.43846130371094,13.607528686523438
-1.3779296875,-42.38959503173828,13.328460693359375
-2.628448486328125,-42.365814208984375,13.029159545898438
-3.792388916015625,-42.378692626953125,12.644744873046875
-4.901702880859375,-42.34172439575195,12.401779174804688
-5.60382080078125,-42.319419860839844,12.35382080078125
-6.026580810546875,-42.17291259765625,12.456130981445312
-6.057952880859375,-42.10176467895508,12.708938598632812
-5.63043212890625,-42.04729461669922,13.116165161132812
-5.045257568359375,-42.00690841674805,13.577987670898438
-4.263702392578125,-41.90752029418945,14.004806518554688
-3.220672607421875,-41.85038375854492,14.386444091796875
-1.91357421875,-41.8604850769043,14.744338989257812
-0.58917236328125,-41.736061096191406,15.22259521484375
1.18878173828125,-41.69297409057617,15.752334594726562
2.9927978515625,-41.53078842163086,16.119903564453125
5.10711669921875,-41.29433822631836,16.398635864257812
7.11578369140625,-41.061187744140625,16.578033447265625
9.149749755859375,-40.77206802368164,16.444076538085938
11.18218994140625,-40.4765510559082,16.044906616210938
13.04937744140625,-40.169368743896484,15.50830078125
14.771881103515625,-39.8607177734375,14.834854125976562
16.44537353515625,-39.62329864501953,14.268264770507812
17.601318359375,-39.26838302612305,13.850906372070312
18.303253173828125,-38.99028015136719,13.675567626953125
18.511016845703125,-38.835533142089844,13.83233642578125
18.11126708984375,-39.36488723754883,13.906005859375
17.258026123046875,-39.575958251953125,14.342575073242188
14.75750732421875,-39.85798645019531,14.714920043945312
12.937042236328125,-40.21190643310547,15.207489013671875
10.5091552734375,-40.63591384887695,15.546676635742188
8.139801025390625,-41.09698486328125,15.844253540039062
5.779876708984375,-41.56570053100586,15.782730102539062
3.192596435546875,-41.86921310424805,15.51861572265625
0.531707763671875,-42.21493911743164,15.352432250976562
-1.60235595703125,-42.39092254638672,15.046493530273438
-3.38360595703125,-42.42604064941406,14.878677368164062
-4.51495361328125,-42.358558654785156,14.927581787109375
-5.1748046875,-42.08488845825195,15.247390747070312
-5.171051025390625,-41.86360549926758,15.759185791015625
-4.523406982421875,-41.67398452758789,16.348068237304688
-3.60882568359375,-41.560115814208984,16.826324462890625
-2.37652587890625,-41.429744720458984,17.296859741210938
-0.943359375,-41.27634048461914,17.7091064453125
1.25091552734375,-41.11871337890625,17.957565307617188
3.304962158203125,-40.89013671875,18.336624145507812
6.1845703125,-40.66169738769531,18.47039794921875
8.70709228515625,-40.33386993408203,18.409194946289062
11.245086669921875,-39.95674514770508,17.859268188476562
13.83551025390625,-39.62070846557617,16.890274047851562
16.35797119140625,-39.25344467163086,15.745346069335938
18.432220458984375,-38.940956115722656,14.424789428710938
20.29931640625,-38.82072067260742,13.260635375976562
21.208099365234375,-38.522544860839844,12.464813232421875
21.418426513671875,-38.79179382324219,12.194931030273438
20.983306884765625,-39.00157165527344,12.498260498046875
17.93951416015625,-39.60689163208008,12.836654663085938
15.74029541015625,-40.24421691894531,13.46282958984375
12.744476318359375,-40.92062759399414,13.75970458984375
9.562652587890625,-41.85409164428711,13.862747192382812
7.0106201171875,-42.70437240600586,13.47271728515625
3.901824951171875,-43.42695236206055,12.502532958984375
0.99658203125,-44.01496124267578,11.591796875
-1.30792236328125,-44.385772705078125,10.582504272460938
-3.504150390625,-44.526817321777344,9.946914672851562
-4.753082275390625,-44.52510070800781,9.625320434570312
-5.79547119140625,-44.252864837646484,9.881393432617188
-6.0595703125,-44.12334060668945,10.615188598632812
-5.666900634765625,-43.78115463256836,11.582778930664062
-4.9949951171875,-43.5853157043457,12.774078369140625
-4.056488037109375,-43.251670837402344,13.903091430664062
-2.931121826171875,-42.84856414794922,15.039459228515625
-1.3756103515625,-42.49809265136719,16.161087036132812
0.24090576171875,-42.04340744018555,17.195114135742188
2.70989990234375,-41.57085418701172,18.050735473632812
5.142578125,-41.02104187011719,18.938217163085938
7.999755859375,-40.440494537353516,19.408187866210938
10.733978271484375,-39.87629699707031,19.221038818359375
13.54754638671875,-39.21154022216797,18.672775268554688
16.022674560546875,-38.710906982421875,17.762664794921875
18.2880859375,-38.33550262451172,16.775543212890625
19.98272705078125,-38.03542709350586,15.799026489257812
21.044708251953125,-38.06822967529297,15.191131591796875
21.10052490234375,-38.08379364013672,15.121902465820312
18.402099609375,-38.44877243041992,15.360687255859375
16.6036376953125,-38.77635192871094,16.139190673828125
13.71014404296875,-39.40740966796875,16.624740600585938
10.771514892578125,-40.270206451416016,17.001937866210938
8.808380126953125,-41.1245231628418,17.001815795898438
5.94921875,-41.94120788574219,16.508697509765625
3.9234619140625,-42.69552230834961,15.688827514648438
1.7633056640625,-43.266929626464844,14.549545288085938
-0.323333740234375,-43.73576354980469,13.74200439453125
-1.61407470703125,-44.002010345458984,12.982391357421875
-2.80810546875,-44.13347244262695,12.626708984375
-3.44537353515625,-44.14226150512695,12.535797119140625
-3.753662109375,-44.009010314941406,12.79010009765625
-3.631927490234375,-43.872840881347656,13.321670532226562
-3.055450439453125,-43.47220230102539,13.943145751953125
-2.226654052734375,-43.30105972290039,14.70294189453125
-0.829498291015625,-43.070701599121094,15.477630615234375
0.576385498046875,-42.68729019165039,16.27764892578125
2.577301025390625,-42.318660736083984,16.907012939453125
4.49285888671875,-41.991188049316406,17.52374267578125
6.91925048828125,-41.608177185058594,17.849319458007812
9.2281494140625,-41.136531829833984,17.884292602539062
11.9012451171875,-40.613609313964844,17.616363525390625
14.121612548828125,-40.13956069946289,17.208816528320312
16.326385498046875,-39.63213348388672,16.688491821289062
17.9227294921875,-39.29189682006836,16.094512939453125
19.0831298828125,-39.18609619140625,15.617401123046875
19.44720458984375,-39.12061309814453,15.3511962890625
18.4237060546875,-39.377620697021484,15.306228637695312
17.066192626953125,-39.75114822387695,15.59210205078125
14.22210693359375,-40.29866409301758,15.772537231445312
11.826690673828125,-41.0213623046875,15.940353393554688
9.7325439453125,-41.84890365600586,15.6590576171875
7.10162353515625,-42.623191833496094,15.15435791015625
4.846588134765625,-43.33264923095703,14.449783325195312
2.736083984375,-43.87784194946289,13.400924682617188
0.588134765625,-44.253944396972656,12.615768432617188
-0.913360595703125,-44.42275619506836,11.9251708984375
-2.423004150390625,-44.466922760009766,11.704177856445312
-3.197906494140625,-44.41767501831055,11.85626220703125
-3.61669921875,-44.19898223876953,12.448486328125
-3.6610107421875,-43.899932861328125,13.368392944335938
-3.24713134765625,-43.32672119140625,14.416183471679688
-2.673583984375,-42.95880889892578,15.567520141601562
-1.68524169921875,-42.53754806518555,16.762863159179688
-0.521697998046875,-42.06306076049805,17.923019409179688
1.062164306640625,-41.50050354003906,18.878036499023438
2.9420166015625,-40.93832778930664,19.761428833007812
5.3509521484375,-40.49761199951172,20.29150390625
7.877197265625,-40.06266784667969,20.494110107421875
10.52899169921875,-39.659576416015625,20.01959228515625
13.14837646484375,-39.259178161621094,19.116500854492188
15.886627197265625,-38.838478088378906,18.008163452148438
17.992156982421875,-38.555381774902344,16.66021728515625
19.93121337890625,-38.426170349121094,15.519012451171875
21.04437255859375,-38.12483215332031,14.635177612304688
21.476348876953125,-37.8570556640625,14.134185791015625
21.40692138671875,-37.949668884277344,14.29913330078125
20.425079345703125,-38.98918914794922,14.508209228515625
18.924835205078125,-39.41973876953125,15.305404663085938
15.30523681640625,-39.98381042480469,15.95263671875
12.766815185546875,-40.71368408203125,16.472412109375
11.414581298828125,-41.50802993774414,16.583221435546875
8.726531982421875,-42.363521575927734,16.361724853515625
6.712677001953125,-43.079261779785156,15.962356567382812
4.5084228515625,-43.691070556640625,15.006668090820312
2.184722900390625,-44.18614196777344,14.242843627929688
0.43450927734375,-44.535701751708984,13.620315551757812
-1.266876220703125,-44.737770080566406,13.489761352539062
-2.07977294921875,-44.68990707397461,13.746902465820312
-2.125244140625,-44.41690444946289,14.364395141601562
-1.546966552734375,-44.004173278808594,15.402984619140625
0.1416015625,-43.57586669921875,16.484085083007812
1.889373779296875,-43.027671813964844,17.504669189453125
4.275787353515625,-42.60289764404297,18.255416870117188
6.636688232421875,-42.15514373779297,18.830520629882812
9.1744384765625,-41.619728088378906,18.934799194335938
11.76251220703125,-41.09977722167969,18.561111450195312
14.558380126953125,-40.621700286865234,17.958404541015625
16.903656005859375,-40.175048828125,17.086593627929688
19.040283203125,-39.89330291748047,16.283432006835938
20.446990966796875,-39.69091033935547,15.478912353515625
20.996734619140625,-39.533447265625,15.076416015625
20.5382080078125,-39.5237922668457,15.160552978515625
18.390106201171875,-40.839080810546875,14.921707153320312
16.181121826171875,-41.501800537109375,15.462203979492188
11.952117919921875,-42.342437744140625,15.633453369140625
8.820098876953125,-43.23017120361328,15.480239868164062
6.693389892578125,-44.20504379272461,15.068557739257812
3.8565673828125,-44.87654495239258,14.065460205078125
1.020599365234375,-45.46988296508789,13.263992309570312
-1.045654296875,-45.80617904663086,12.548782348632812
-3.07623291015625,-45.89162063598633,12.292388916015625
-4.039947509765625,-45.819419860839844,12.465225219726562
-4.632080078125,-45.284793853759766,13.164886474609375
-4.431060791015625,-44.95927047729492,14.319107055664062
-3.589935302734375,-44.422908782958984,15.563446044921875
-2.5823974609375,-43.90068817138672,16.799270629882812
-1.12200927734375,-43.45970153808594,17.947891235351562
0.346832275390625,-42.95578384399414,19.01519775390625
0.662628173828125,-42.97214889526367,19.00140380859375
2.393768310546875,-42.47882843017578,19.956573486328125
4.616546630859375,-41.97834014892578,20.63824462890625
6.97637939453125,-41.52232360839844,21.129226684570312
9.653289794921875,-40.96182632446289,20.965927124023438
12.22796630859375,-40.440704345703125,20.2073974609375
14.838409423828125,-40.18267059326172,19.435089111328125
16.866790771484375,-39.94087219238281,18.449966430664062
18.315887451171875,-39.70321273803711,17.480850219726562
19.097747802734375,-39.613525390625,16.861068725585938
18.951263427734375,-40.79515838623047,16.433822631835938
18.08697509765625,-41.102535247802734,16.725173950195312
15.335906982421875,-41.566043853759766,17.007904052734375
12.989654541015625,-42.209529876708984,17.287750244140625
11.1510009765625,-42.99763107299805,17.359512329101562
8.0899658203125,-43.8549690246582,17.065658569335938
5.1986083984375,-44.70825958251953,16.598556518554688
2.66656494140625,-45.331905364990234,15.821624755859375
0.076171875,-45.68205642700195,15.290054321289062
-1.6973876953125,-45.940608978271484,14.765060424804688
-3.29901123046875,-45.94173812866211,14.606170654296875
-4.296722412109375,-45.94072723388672,14.686172485351562
-4.882659912109375,-45.74024200439453,14.95355224609375
-5.08868408203125,-45.49751281738281,15.38775634765625
-4.809661865234375,-45.11111068725586,15.976806640625
-4.37139892578125,-44.920127868652344,16.711746215820312
-3.5552978515625,-44.662384033203125,17.482620239257812
-2.515472412109375,-44.30278015136719,18.23553466796875
-0.780059814453125,-43.98418426513672,19.015640258789062
0.880340576171875,-43.60016632080078,19.636505126953125
3.420745849609375,-43.28434371948242,20.1646728515625
5.672637939453125,-42.868831634521484,20.533599853515625
8.384368896484375,-42.467716217041016,20.56182861328125
10.917572021484375,-41.98884201049805,20.158172607421875
13.66265869140625,-41.51814651489258,19.633438110351562
15.869232177734375,-41.11365509033203,18.820831298828125
17.781463623046875,-40.89308547973633,18.134796142578125
18.87005615234375,-40.76055145263672,17.448974609375
18.60791015625,-40.87618637084961,16.962203979492188
17.9466552734375,-41.10673141479492,17.036941528320312
15.52288818359375,-41.61092758178711,16.981491088867188
13.254364013671875,-42.34950637817383,17.166107177734375
11.13909912109375,-43.163063049316406,16.989959716796875
8.065338134765625,-44.14529037475586,16.468399047851562
5.276641845703125,-45.108970642089844,15.49200439453125
2.5565185546875,-45.89574432373047,14.087127685546875
0.010040283203125,-46.6712760925293,12.698013305664062
-1.8358154296875,-47.170684814453125,11.120986938476562
-3.538360595703125,-47.5224723815918,9.883041381835938
-4.409393310546875,-47.67966079711914,8.911727905273438
-4.857666015625,-47.748348236083984,8.550308227539062
-4.94805908203125,-47.723636627197266,8.60931396484375
-4.215789794921875,-47.50635528564453,9.017257690429688
-3.715087890625,-47.37681198120117,9.794342041015625
-2.556915283203125,-47.22525405883789,10.789871215820312
-1.566253662109375,-46.966190338134766,12.051284790039062
0.2076416015625,-46.56100845336914,13.366195678710938
1.9908447265625,-46.07648849487305,14.698715209960938
4.379486083984375,-45.477134704589844,15.900283813476562
6.848236083984375,-44.82379150390625,16.94110107421875
9.40771484375,-44.174537658691406,17.6300048828125
12.150360107421875,-43.57548904418945,17.623626708984375
14.7315673828125,-42.98801040649414,17.389389038085938
16.946533203125,-42.47026443481445,16.661941528320312
18.806427001953125,-42.21649169921875,15.9608154296875
19.93048095703125,-41.959083557128906,15.290435791015625
19.715118408203125,-42.07042694091797,14.812774658203125
19.3292236328125,-42.23560333251953,14.891265869140625
17.197845458984375,-42.64850616455078,14.977996826171875
15.353302001953125,-43.21249771118164,15.419479370117188
13.398712158203125,-43.85734176635742,15.654769897460938
10.821868896484375,-44.59046936035156,15.694000244140625
8.5440673828125,-45.333736419677734,15.661224365234375
6.22650146484375,-45.94245529174805,15.035797119140625
3.950775146484375,-46.260650634765625,14.458267211914062
2.353790283203125,-46.5440673828125,13.88623046875
0.881256103515625,-46.68758773803711,13.563858032226562
-0.114013671875,-46.76410675048828,13.470443725585938
-0.8912353515625,-46.600887298583984,13.714736938476562
-1.304901123046875,-46.42555236816406,14.067001342773438
-1.2679443359375,-46.05317687988281,14.794448852539062
-0.9794921875,-45.681217193603516,15.8565673828125
-0.242401123046875,-45.130462646484375,17.0379638671875
0.6981201171875,-44.57281494140625,18.293075561523438
2.13958740234375,-43.8935661315918,19.517898559570312
3.776123046875,-43.166221618652344,20.677536010742188
5.80865478515625,-42.48357009887695,21.707443237304688
8.03497314453125,-41.8168830871582,22.486541748046875
10.775543212890625,-41.04065704345703,22.672470092773438
13.439605712890625,-40.30824661254883,22.429824829101562
16.11773681640625,-39.647762298583984,21.881256103515625
18.57470703125,-39.20217514038086,20.9036865234375
20.690032958984375,-38.85211944580078,19.7822265625
22.36102294921875,-38.68482208251953,18.46087646484375
23.468536376953125,-38.75621795654297,17.3763427734375
23.883209228515625,-38.91227340698242,16.478713989257812
23.085113525390625,-39.34751510620117,15.90814208984375
22.304473876953125,-39.82111740112305,15.758941650390625
20.19927978515625,-40.357330322265625,15.880279541015625
18.3367919921875,-41.101749420166016,16.32513427734375
16.429412841796875,-41.91891098022461,16.613861083984375
14.01519775390625,-42.83317947387695,16.641586303710938
11.687255859375,-43.71895217895508,16.600830078125
9.28497314453125,-44.529205322265625,16.19927978515625
7.02069091796875,-45.23822021484375,15.83636474609375
5.059051513671875,-45.739017486572266,15.202239990234375
3.348297119140625,-46.10542678833008,14.7149658203125
1.603363037109375,-46.357017517089844,14.47503662109375
0.24224853515625,-46.52703857421875,14.21673583984375
-0.976776123046875,-46.50657653808594,14.289657592773438
-1.87384033203125,-46.47419738769531,14.450302124023438
-2.416259765625,-46.35667037963867,14.6878662109375
-2.615631103515625,-46.149169921875,15.090560913085938
-2.457366943359375,-45.86253356933594,15.680007934570312
-2.0364990234375,-45.54853057861328,16.572647094726562
-1.33056640625,-45.26014709472656,17.316696166992188
-0.2830810546875,-44.92390823364258,18.144302368164062
1.382293701171875,-44.476322174072266,18.963653564453125
2.98577880859375,-43.94291687011719,19.959426879882812
5.4285888671875,-43.34103775024414,20.869476318359375
7.838592529296875,-42.633087158203125,21.582168579101562
10.685546875,-41.87139892578125,21.681976318359375
13.654876708984375,-41.07769012451172,21.422531127929688
16.654327392578125,-40.385292053222656,20.775665283203125
19.2811279296875,-39.669803619384766,19.747650146484375
21.7236328125,-39.12148666381836,18.578079223632812
23.573028564453125,-38.733154296875,17.310989379882812
24.883575439453125,-38.40486526489258,16.32073974609375
25.410919189453125,-38.057891845703125,15.676055908203125
25.34674072265625,-38.215763092041016,15.3890380859375
25.043670654296875,-38.51171875,15.372787475585938
24.156219482421875,-39.14276885986328,15.568756103515625
23.23370361328125,-39.87007522583008,15.8856201171875
21.944976806640625,-40.49652099609375,16.091094970703125
20.33282470703125,-41.203617095947266,16.2620849609375
18.44964599609375,-41.937198638916016,16.28118896484375
16.349700927734375,-42.855018615722656,16.206436157226562
13.867767333984375,-43.707462310791016,16.025787353515625
11.35760498046875,-44.579071044921875,15.82958984375
8.9107666015625,-45.370201110839844,15.42462158203125
6.424774169921875,-46.01091003417969,14.693756103515625
3.982757568359375,-46.561283111572266,13.905517578125
1.984100341796875,-46.99464416503906,13.076583862304688
0.115386962890625,-47.14197540283203,12.656295776367188
-0.95733642578125,-47.19392776489258,12.397933959960938
-1.546234130859375,-47.08538818359375,12.53607177734375
-1.358734130859375,-46.944217681884766,13.15460205078125
-0.728240966796875,-46.625179290771484,13.943603515625
0.073211669921875,-46.32304000854492,14.936080932617188
1.27728271484375,-45.92172622680664,15.963302612304688
2.587493896484375,-45.400333404541016,17.036148071289062
4.553466796875,-44.72858428955078,18.118423461914062
6.492889404296875,-43.95763397216797,19.347869873046875
9.04705810546875,-43.18718719482422,20.186508178710938
11.789642333984375,-42.3309440612793,20.606719970703125
14.651641845703125,-41.518062591552734,20.495452880859375
17.375823974609375,-40.75481033325195,19.82049560546875
20.061981201171875,-40.04142761230469,18.834823608398438
22.33392333984375,-39.45413589477539,17.564849853515625
24.133026123046875,-38.97539138793945,16.418167114257812
25.183990478515625,-38.43779754638672,15.469070434570312
25.7353515625,-38.2069091796875,14.877853393554688
25.699859619140625,-38.26487350463867,14.81988525390625
25.1732177734375,-39.138851165771484,15.002593994140625
24.149810791015625,-39.69075393676758,15.738327026367188
21.36053466796875,-40.34782791137695,16.382720947265625
19.325897216796875,-41.06067657470703,17.163833618164062
17.9139404296875,-41.903717041015625,17.5751953125
15.5797119140625,-42.78499221801758,17.728530883789062
13.308685302734375,-43.6917610168457,17.724105834960938
11.0029296875,-44.520301818847656,17.446624755859375
8.800750732421875,-45.372718811035156,17.05169677734375
6.624176025390625,-45.959564208984375,16.235763549804688
4.480682373046875,-46.41037368774414,15.285202026367188
2.687530517578125,-46.87200164794922,14.3599853515625
0.9476318359375,-47.20429611206055,13.637359619140625
-0.115936279296875,-47.41170883178711,13.0057373046875
-0.965789794921875,-47.48503875732422,12.711288452148438
-1.04034423828125,-47.50577163696289,12.732025146484375
-0.668731689453125,-47.41215133666992,12.930145263671875
0.01171875,-47.261531829833984,13.318145751953125
1.502532958984375,-46.961124420166016,13.756851196289062
2.731781005859375,-46.6154899597168,14.501968383789062
4.480987548828125,-46.2612419128418,15.225006103515625
6.091094970703125,-45.808956146240234,16.261520385742188
8.35211181640625,-45.27615737915039,17.119049072265625
10.700042724609375,-44.56694793701172,17.739013671875
13.38775634765625,-43.71024703979492,18.07562255859375
16.043365478515625,-42.85430145263672,18.058837890625
18.668701171875,-41.99293518066406,17.692123413085938
21.28399658203125,-41.24269104003906,16.824432373046875
23.52215576171875,-40.50261688232422,15.762374877929688
25.269683837890625,-39.7535285949707,14.394287109375
26.7933349609375,-39.375205993652344,13.495513916015625
27.402435302734375,-39.15880584716797,13.063507080078125
27.0941162109375,-39.24476623535156,13.268035888671875
26.11273193359375,-39.66062545776367,14.0606689453125
22.3812255859375,-40.360652923583984,14.89599609375
19.980072021484375,-41.33331298828125,16.022567749023438
17.158477783203125,-42.36395263671875,16.710906982421875
13.989715576171875,-43.38397979736328,17.142120361328125
11.1732177734375,-44.45353698730469,17.288467407226562
8.276519775390625,-45.3068733215332,16.937744140625
5.92926025390625,-45.905155181884766,16.455337524414062
3.897979736328125,-46.390159606933594,15.60284423828125
2.1728515625,-46.586402893066406,15.1148681640625
1.277099609375,-46.81249237060547,14.731369018554688
0.67559814453125,-46.73493194580078,14.678695678710938
0.609344482421875,-46.631072998046875,14.813873291015625
0.76080322265625,-46.51739501953125,15.177276611328125
0.98345947265625,-46.25457000732422,15.710342407226562
1.398529052734375,-45.91996383666992,16.296524047851562
1.6390380859375,-45.682682037353516,16.962203979492188
1.87225341796875,-45.38036346435547,17.666656494140625
1.993927001953125,-45.123680114746094,18.225967407226562
2.071868896484375,-45.0025634765625,18.616119384765625
2.105316162109375,-44.953914642333984,18.935882568359375
2.13824462890625,-44.926544189453125,19.034515380859375
2.133392333984375,-44.93361282348633,19.00787353515625
2.14471435546875,-44.973819732666016,18.888595581054688
2.13433837890625,-44.927101135253906,18.726119995117188
2.11798095703125,-44.917659759521484,18.62396240234375
2.179931640625,-44.9796257019043,18.531326293945312
2.2562255859375,-44.9680290222168,18.515853881835938
2.363861083984375,-44.96857452392578,18.55694580078125
2.47296142578125,-44.94276809692383,18.65557861328125
2.505218505859375,-44.8798942565918,18.74798583984375
2.41015625,-44.776947021484375,18.815628051757812
2.436370849609375,-44.79933166503906,18.758148193359375
2.480804443359375,-44.88105773925781,18.723770141601562
2.507843017578125,-44.92107391357422,18.640792846679688
2.550445556640625,-44.918697357177734,18.541397094726562
2.5809326171875,-44.94159698486328,18.433853149414062
2.52911376953125,-44.871826171875,18.39947509765625
2.524932861328125,-44.8122444152832,18.361038208007812
2.520172119140625,-44.8298454284668,18.3623046875
2.507965087890625,-44.79863739013672,18.419464111328125
2.5888671875,-44.81999206542969,18.41485595703125
2.634979248046875,-44.78224182128906,18.445404052734375
2.66949462890625,-44.796627044677734,18.4232177734375
2.670928955078125,-44.79383087158203,18.42816162109375
2.71905517578125,-44.8647346496582,18.433700561523438
2.76123046875,-44.85350799560547,18.4444580078125
2.799346923828125,-44.85824966430664,18.36614990234375
2.85797119140625,-44.89627456665039,18.330520629882812
2.87213134765625,-44.9080696105957,18.368576049804688
2.903839111328125,-44.90519332885742,18.406951904296875
2.85321044921875,-44.84445571899414,18.338592529296875
2.89276123046875,-44.81147384643555,18.35797119140625
2.959930419921875,-44.855804443359375,18.428665161132812
2.944183349609375,-44.8845329284668,18.448898315429688
2.905609130859375,-44.802345275878906,18.366287231445312
2.8939208984375,-44.80397415161133,18.327468872070312
2.887115478515625,-44.80615234375,18.343643188476562
2.854400634765625,-44.801544189453125,18.415924072265625
2.830047607421875,-44.8474006652832,18.452743530273438
2.82073974609375,-44.86460876464844,18.506988525390625
2.7874755859375,-44.843875885009766,18.545318603515625
2.791290283203125,-44.79785919189453,18.5404052734375
2.8154296875,-44.79869079589844,18.41986083984375
2.83282470703125,-44.824188232421875,18.42681884765625
2.736724853515625,-44.782379150390625,18.498245239257812
2.67938232421875,-44.7993278503418,18.521377563476562
2.686248779296875,-44.82726287841797,18.4683837890625
2.6734619140625,-44.903568267822266,18.40740966796875
2.696563720703125,-44.95261001586914,18.326263427734375
2.6072998046875,-44.99346160888672,18.351791381835938
2.5863037109375,-45.01741409301758,18.37103271484375
2.5865478515625,-45.02197265625,18.288314819335938
2.5885009765625,-45.03714370727539,18.242324829101562
2.578948974609375,-45.03202819824219,18.197509765625
2.60540771484375,-44.99960708618164,18.188217163085938
2.537689208984375,-44.969078063964844,18.197830200195312
2.50396728515625,-44.91314697265625,18.198577880859375
2.486053466796875,-44.914520263671875,18.288116455078125
2.407470703125,-44.83982849121094,18.350189208984375
2.32879638671875,-44.82577896118164,18.298187255859375
2.3470458984375,-44.83411407470703,18.321533203125
2.3682861328125,-44.87397003173828,18.35247802734375
2.38189697265625,-44.90211486816406,18.327606201171875
2.381317138671875,-44.91400909423828,18.322433471679688
2.42315673828125,-44.918663024902344,18.278152465820312
2.4146728515625,-44.96741485595703,18.223480224609375
2.504852294921875,-44.954830169677734,18.179244995117188
2.45318603515625,-44.99955368041992,18.07989501953125
2.46734619140625,-45.0415153503418,17.97552490234375
2.50604248046875,-44.996944427490234,18.017791748046875
2.448516845703125,-44.969390869140625,18.06884765625
2.400848388671875,-44.91902160644531,18.138015747070312
2.36090087890625,-44.93130874633789,18.250717163085938
2.36669921875,-44.98630905151367,18.273406982421875
2.375701904296875,-45.00421142578125,18.168060302734375
2.34222412109375,-45.02779769897461,18.129776000976562
2.254486083984375,-45.04301452636719,18.078048706054688
2.20440673828125,-45.01136779785156,17.9794921875
2.190399169921875,-44.97138977050781,17.937118530273438
2.18475341796875,-44.940670013427734,17.925827026367188
2.17083740234375,-44.93895721435547,18.035675048828125
2.17083740234375,-44.93895721435547,18.035675048828125
2.209686279296875,-44.978790283203125,18.148956298828125
2.18212890625,-44.964176177978516,18.188278198242188
2.18212890625,-44.964176177978516,18.188278198242188
2.09918212890625,-44.9843635559082,18.167449951171875
2.06170654296875,-44.96025466918945,18.152816772460938
2.08551025390625,-45.031455993652344,18.151580810546875
2.050048828125,-45.15365219116211,18.182830810546875
2.083984375,-45.151676177978516,18.094482421875
1.989898681640625,-45.15245056152344,18.031417846679688
1.997222900390625,-45.17243576049805,18.096542358398438
2.035858154296875,-45.124732971191406,18.123245239257812
2.0081787109375,-45.0066032409668,18.082962036132812
1.99365234375,-44.988590240478516,18.11474609375
2.015625,-44.929256439208984,18.178695678710938
1.95703125,-44.883724212646484,18.280410766601562
1.92437744140625,-44.86469650268555,18.345352172851562
1.916839599609375,-44.89222717285156,18.29248046875
1.938751220703125,-44.89546585083008,18.245758056640625
1.93267822265625,-44.958194732666016,18.297882080078125
1.921356201171875,-45.00457000732422,18.244857788085938
1.990264892578125,-44.98111343383789,18.132400512695312
2.016632080078125,-44.98276901245117,18.154449462890625
1.9827880859375,-45.03252410888672,18.179489135742188
2.01434326171875,-44.95810317993164,18.201324462890625
2.010711669921875,-44.88983917236328,18.1888427734375
2.0498046875,-44.881099700927734,18.15240478515625
2.011566162109375,-44.90238571166992,18.186172485351562
1.98468017578125,-44.919490814208984,18.19683837890625
1.947235107421875,-44.89731979370117,18.191940307617188
1.9857177734375,-44.966800689697266,18.191940307617188
1.966583251953125,-44.94999694824219,18.24761962890625
1.8909912109375,-44.947166442871094,18.20465087890625
1.832672119140625,-45.00251388549805,18.175094604492188
1.8634033203125,-45.011932373046875,18.120391845703125
1.904571533203125,-45.00419998168945,17.980453491210938
1.92401123046875,-45.05428695678711,17.944381713867188
1.94000244140625,-45.098026275634766,17.9515380859375
1.92401123046875,-45.10503005981445,17.887496948242188
1.904327392578125,-45.08252716064453,17.857192993164062
1.850341796875,-45.06437683105469,17.831924438476562
1.854248046875,-45.00883483886719,17.786666870117188
1.87969970703125,-45.00801467895508,17.7410888671875
1.88043212890625,-45.06178283691406,17.774734497070312
1.927459716796875,-45.07136535644531,17.862167358398438
1.927276611328125,-45.11067199707031,17.912063598632812
1.99169921875,-45.03756332397461,17.9544677734375
2.002899169921875,-45.11359405517578,18.01763916015625
1.989898681640625,-45.041473388671875,17.953964233398438
1.96746826171875,-45.02238082885742,17.974456787109375
1.92401123046875,-45.031185150146484,17.903366088867188
1.911651611328125,-45.05866622924805,17.813980102539062
1.90447998046875,-45.04111862182617,17.772308349609375
1.940887451171875,-45.02907180786133,17.794754028320312
1.9217529296875,-45.04785919189453,17.719192504882812
1.928680419921875,-45.09003448486328,17.777069091796875
1.897186279296875,-45.10722351074219,17.920272827148438
1.99139404296875,-45.092872619628906,17.941238403320312
1.97845458984375,-45.087890625,17.9615478515625
1.960723876953125,-45.08190155029297,17.927093505859375
1.893798828125,-45.0993537902832,17.88104248046875
1.839447021484375,-45.182315826416016,17.88336181640625
1.77191162109375,-45.17254638671875,17.938095092773438
1.78076171875,-45.212032318115234,17.985244750976562
1.70294189453125,-45.231544494628906,17.966079711914062
1.685302734375,-45.26767349243164,17.893341064453125
1.69049072265625,-45.19830322265625,17.841522216796875
1.74249267578125,-45.18968200683594,17.813583374023438
1.776458740234375,-45.25845718383789,17.716018676757812
1.836822509765625,-45.305450439453125,17.654708862304688
1.82232666015625,-45.296470642089844,17.581100463867188
1.81170654296875,-45.34455108642578,17.558074951171875
1.847930908203125,-45.32688522338867,17.571914672851562
1.842315673828125,-45.30459976196289,17.490081787109375
1.846893310546875,-45.3133544921875,17.425186157226562
1.859405517578125,-45.32080078125,17.334197998046875
1.864227294921875,-45.31141662597656,17.384689331054688
1.9171142578125,-45.3244514465332,17.436492919921875
1.899444580078125,-45.32111358642578,17.536697387695312
1.875946044921875,-45.330596923828125,17.533538818359375
1.83233642578125,-45.2771110534668,17.558563232421875
1.863250732421875,-45.24409484863281,17.552993774414062
1.8592529296875,-45.26017761230469,17.557830810546875
1.889404296875,-45.2591667175293,17.591964721679688
1.914520263671875,-45.28193283081055,17.626663208007812
1.917572021484375,-45.2880744934082,17.713882446289062
1.934844970703125,-45.24557876586914,17.761398315429688
1.90911865234375,-45.189971923828125,17.776565551757812
1.97735595703125,-45.193458557128906,17.781509399414062
2.012481689453125,-45.24808120727539,17.83538818359375
2.0596923828125,-45.22560501098633,17.883880615234375
2.06317138671875,-45.25275421142578,17.895492553710938
1.98382568359375,-45.18165588378906,17.913223266601562
1.910003662109375,-45.194942474365234,17.95556640625
1.985992431640625,-45.203800201416016,17.8731689453125
1.912139892578125,-45.12579345703125,17.880828857421875
1.92578125,-45.09250259399414,17.8623046875
1.937347412109375,-45.12378692626953,17.858291625976562
1.908538818359375,-45.11817169189453,17.804656982421875
1.91064453125,-45.108673095703125,17.796279907226562
1.927703857421875,-45.14785385131836,17.914932250976562
1.933563232421875,-45.16835021972656,17.9276123046875
1.9425048828125,-45.18724822998047,17.922821044921875
1.88916015625,-45.23123550415039,18.02166748046875
1.87103271484375,-45.17123031616211,18.002532958984375
1.86041259765625,-45.21514129638672,18.01025390625
1.826690673828125,-45.22428512573242,17.966201782226562
1.840301513671875,-45.233253479003906,17.935562133789062
1.904693603515625,-45.22683334350586,17.9354248046875
1.90179443359375,-45.207191467285156,17.971160888671875
1.897125244140625,-45.19552993774414,17.96051025390625
1.93359375,-45.11311340332031,17.882827758789062
1.930877685546875,-45.04386520385742,17.836441040039062
1.884918212890625,-44.96710968017578,17.869796752929688
1.836639404296875,-44.95611572265625,17.9036865234375
1.833740234375,-44.95854187011719,17.970016479492188
1.83453369140625,-45.03092956542969,18.064254760742188
1.89678955078125,-45.072303771972656,18.111328125
1.835174560546875,-45.10578155517578,18.04779052734375
1.907806396484375,-45.11073303222656,18.042404174804688
1.92010498046875,-45.09729766845703,17.9688720703125
1.858795166015625,-45.13939666748047,18.013748168945312
1.827239990234375,-45.15119552612305,18.014923095703125
1.8603515625,-45.15108108520508,18.033462524414062
1.83782958984375,-45.199100494384766,18.102096557617188
1.808502197265625,-45.18353271484375,18.155960083007812
1.77734375,-45.20193099975586,18.156814575195312
1.75811767578125,-45.26545715332031,18.124908447265625
1.774566650390625,-45.26658248901367,18.06951904296875
1.76141357421875,-45.25593566894531,18.01568603515625
1.7596435546875,-45.26784133911133,17.991775512695312
1.701141357421875,-45.22807693481445,17.970428466796875
1.678131103515625,-45.25883102416992,17.986328125
1.663360595703125,-45.231571197509766,17.991683959960938
1.656494140625,-45.142662048339844,18.028030395507812
1.628143310546875,-45.1003303527832,18.03192138671875
1.63848876953125,-45.12649917602539,17.99481201171875
1.677734375,-45.181495666503906,17.964797973632812
1.70086669921875,-45.191734313964844,17.930999755859375
1.66888427734375,-45.17591857910156,17.980117797851562
1.614349365234375,-45.161251068115234,17.999160766601562
1.56671142578125,-45.134361267089844,18.06585693359375
1.482696533203125,-45.13680648803711,18.16717529296875
1.414398193359375,-45.15155029296875,18.210769653320312
1.378936767578125,-45.12369918823242,18.208404541015625
1.360198974609375,-45.14656448364258,18.186187744140625
1.295684814453125,-45.120826721191406,18.23553466796875
1.30194091796875,-45.162906646728516,18.1658935546875
1.2901611328125,-45.21587371826172,18.111907958984375
1.3292236328125,-45.23455047607422,18.106277465820312
1.25555419921875,-45.19386672973633,18.161956787109375
1.201385498046875,-45.21615982055664,18.2086181640625
1.20269775390625,-45.20356750488281,18.22064208984375
1.22210693359375,-45.222869873046875,18.17205810546875
1.24114990234375,-45.19015121459961,18.194854736328125
1.20361328125,-45.193729400634766,18.233413696289062
1.18133544921875,-45.18413543701172,18.177536010742188
1.217498779296875,-45.13528823852539,18.2432861328125
1.1649169921875,-45.190818786621094,18.3089599609375
1.141143798828125,-45.23360824584961,18.331146240234375
1.158355712890625,-45.31568145751953,18.311798095703125
1.1676025390625,-45.31369400024414,18.323806762695312
1.130828857421875,-45.34922790527344,18.405868530273438
1.105865478515625,-45.31011962890625,18.398483276367188
1.10992431640625,-45.305946350097656,18.3804931640625
1.079071044921875,-45.27196502685547,18.384292602539062
1.084014892578125,-45.24695587158203,18.283523559570312
1.093658447265625,-45.25221633911133,18.188079833984375
1.089935302734375,-45.333412170410156,18.114593505859375
1.094635009765625,-45.32514953613281,18.022659301757812
1.063812255859375,-45.350799560546875,17.959609985351562
1.082733154296875,-45.3181037902832,17.960205078125
1.031219482421875,-45.31648254394531,17.8843994140625
1.006103515625,-45.3556022644043,17.854995727539062
1.0029296875,-45.32573699951172,17.862899780273438
0.98577880859375,-45.38480758666992,17.883941650390625
0.9871826171875,-45.3265495300293,17.856735229492188
1.021820068359375,-45.35975646972656,17.853759765625
1.008453369140625,-45.3624153137207,17.882720947265625
0.990692138671875,-45.316673278808594,17.926925659179688
0.99969482421875,-45.305782318115234,17.944076538085938
0.984375,-45.26923370361328,17.963394165039062
1.025390625,-45.213443756103516,17.96307373046875
1.0374755859375,-45.22275924682617,17.93878173828125
1.039642333984375,-45.1628532409668,17.997421264648438
1.036407470703125,-45.18280792236328,18.031219482421875
1.069976806640625,-45.2540283203125,17.996505737304688
1.142303466796875,-45.280757904052734,18.022720336914062
1.167938232421875,-45.26656723022461,18.020187377929688
1.178619384765625,-45.252113342285156,18.040267944335938
1.238433837890625,-45.24319839477539,18.057846069335938
1.297332763671875,-45.276859283447266,18.11541748046875
1.380828857421875,-45.245479583740234,18.169937133789062
1.38116455078125,-45.260162353515625,18.117889404296875
1.39501953125,-45.28676223754883,18.118698120117188
1.37811279296875,-45.2574348449707,18.096771240234375
1.4544677734375,-45.25503921508789,18.091232299804688
1.56182861328125,-45.25422668457031,18.045654296875
1.631988525390625,-45.261287689208984,17.955245971679688
1.627105712890625,-45.27583694458008,17.969528198242188
1.605255126953125,-45.256980895996094,18.0096435546875
1.680999755859375,-45.258697509765625,17.987014770507812
1.674591064453125,-45.262264251708984,17.8775634765625
1.65887451171875,-45.18404006958008,17.800689697265625
1.67724609375,-45.185726165771484,17.808029174804688
1.655242919921875,-45.248382568359375,17.789199829101562
1.684051513671875,-45.24264907836914,17.714569091796875
1.751983642578125,-45.209468841552734,17.677627563476562
1.735565185546875,-45.232479095458984,17.720474243164062
1.74029541015625,-45.29306411743164,17.789093017578125
1.830078125,-45.26924133300781,17.84698486328125
1.79644775390625,-45.25373840332031,17.87469482421875
