X,Y,Z
-43.82502746582031,22.547775268554688,-306.99114990234375
-44.213409423828125,22.879318237304688,-306.8624267578125
-44.05055236816406,22.693801879882812,-306.97064208984375
-44.317413330078125,22.663116455078125,-306.7620849609375
-44.075286865234375,22.766067504882812,-306.87274169921875
-44.091949462890625,22.691390991210938,-306.812255859375
-44.38746643066406,22.387359619140625,-306.58587646484375
-44.28800964355469,22.8297119140625,-306.76593017578125
-44.175048828125,22.798995971679688,-306.6930236816406
-44.234954833984375,22.69891357421875,-306.76495361328125
-44.81422424316406,22.771636962890625,-307.2823181152344
-44.73509216308594,22.914779663085938,-307.25457763671875
-44.927154541015625,22.933853149414062,-307.1631164550781
-44.831787109375,22.988296508789062,-307.0155029296875
-45.392913818359375,22.938934326171875,-307.08782958984375
-45.07176208496094,23.1761474609375,-306.53875732421875
-45.049102783203125,23.177627563476562,-307.45880126953125
-45.0045166015625,23.037506103515625,-306.91156005859375
-45.31962585449219,23.556533813476562,-307.1657409667969
-45.53385925292969,23.908447265625,-306.6572265625
-45.62205505371094,23.749755859375,-306.8954162597656
-45.72676086425781,24.051010131835938,-306.64013671875
-46.003997802734375,23.7783203125,-306.6501159667969
-45.685150146484375,23.906814575195312,-306.7786560058594
-45.98817443847656,23.964157104492188,-306.3748779296875
-46.02400207519531,24.229995727539062,-306.0283508300781
-46.383209228515625,24.400054931640625,-306.755126953125
-46.38517761230469,24.65283203125,-306.5880126953125
-46.33058166503906,24.546127319335938,-306.3875732421875
-46.32049560546875,24.897369384765625,-306.6427001953125
-46.362884521484375,24.683547973632812,-306.66583251953125
-46.17900085449219,25.111434936523438,-306.2137145996094
-46.70848083496094,24.876739501953125,-305.983154296875
-46.6737060546875,25.1275634765625,-305.9914245605469
-46.75410461425781,25.215286254882812,-306.12420654296875
-46.80702209472656,25.31243896484375,-305.67462158203125
-46.94087219238281,25.007034301757812,-305.8121643066406
-46.80479431152344,25.50238037109375,-306.32806396484375
-46.8253173828125,25.279861450195312,-305.78814697265625
-46.8731689453125,25.3360595703125,-305.58843994140625
-47.12237548828125,25.071990966796875,-306.79644775390625
-47.262908935546875,25.241317749023438,-305.77435302734375
-47.41436767578125,25.182327270507812,-305.84613037109375
-47.314666748046875,25.205352783203125,-306.08245849609375
-47.27854919433594,25.1463623046875,-305.7344970703125
-47.536468505859375,24.899139404296875,-306.3448791503906
-47.38603210449219,24.816177368164062,-306.27874755859375
-47.37525939941406,25.145294189453125,-306.0545959472656
-47.43125915527344,24.875473022460938,-306.2552490234375
-47.42559814453125,25.096084594726562,-305.99151611328125
-47.14341735839844,25.147994995117188,-306.1529541015625
-47.56317138671875,25.1678466796875,-305.9542541503906
-47.281402587890625,25.615005493164062,-306.1689147949219
-47.294189453125,25.23358154296875,-306.65765380859375
-47.54200744628906,25.565277099609375,-306.18072509765625
-47.13038635253906,25.491455078125,-306.4147644042969
-47.19120788574219,25.660049438476562,-306.3588562011719
-47.12928771972656,25.463943481445312,-306.26519775390625
-47.13578796386719,25.184097290039062,-305.777587890625
-47.12416076660156,25.094955444335938,-306.1077880859375
-47.34410095214844,25.286849975585938,-306.50091552734375
-46.661956787109375,25.048385620117188,-306.5443115234375
-46.78961181640625,24.962936401367188,-306.21435546875
-46.75439453125,24.803787231445312,-306.28558349609375
-46.82012939453125,25.14398193359375,-306.619873046875
-46.464080810546875,25.021347045898438,-306.1455383300781
-46.60932922363281,25.218505859375,-306.56768798828125
-46.94132995605469,24.799057006835938,-306.05450439453125
-46.290252685546875,25.29132080078125,-306.2814025878906
-46.46507263183594,24.846160888671875,-306.2217102050781
-46.4918212890625,24.919815063476562,-305.87457275390625
-46.347412109375,25.055892944335938,-306.33392333984375
-46.732879638671875,25.417190551757812,-306.14892578125
-46.33952331542969,25.237716674804688,-305.74713134765625
-46.381317138671875,25.0213623046875,-306.39447021484375
-46.77545166015625,25.22991943359375,-306.49346923828125
-46.36293029785156,25.428741455078125,-306.662109375
-46.523590087890625,25.005218505859375,-306.59912109375
-46.39619445800781,25.268234252929688,-306.70196533203125
-46.3505859375,24.931671142578125,-306.5130310058594
-46.68339538574219,25.163711547851562,-306.576904296875
-46.29222106933594,24.75189208984375,-306.40240478515625
-46.18902587890625,24.988693237304688,-306.7659912109375
-46.43257141113281,24.752792358398438,-306.04345703125
-46.06159973144531,25.002822875976562,-305.93670654296875
-46.48304748535156,24.852432250976562,-306.3302001953125
-46.318756103515625,24.990188598632812,-306.1068115234375
-45.93928527832031,24.819915771484375,-306.1275634765625
-46.14384460449219,25.02496337890625,-306.62713623046875
-46.15264892578125,25.026229858398438,-306.5440673828125
-46.2178955078125,25.158309936523438,-306.77972412109375
-46.440673828125,25.09552001953125,-306.4349365234375
-46.65806579589844,24.881378173828125,-306.115234375
-46.3935546875,24.382217407226562,-306.58251953125
-46.29730224609375,24.874847412109375,-306.317138671875
-46.601837158203125,24.685073852539062,-306.3662109375
-46.47723388671875,25.165512084960938,-306.8877868652344
-46.44548034667969,24.840225219726562,-306.5916748046875
-46.20390319824219,24.5740966796875,-306.7111511230469
-46.24951171875,24.802566528320312,-306.2615661621094
-46.328582763671875,24.82855224609375,-306.27838134765625
-46.22966003417969,24.867477416992188,-306.21197509765625
-45.99833679199219,24.57611083984375,-306.04425048828125
-46.33905029296875,24.764923095703125,-306.480712890625
-46.102447509765625,24.429824829101562,-305.77520751953125
-45.9765625,24.670379638671875,-306.1322326660156
-46.027618408203125,24.543930053710938,-306.30224609375
-46.172607421875,24.60687255859375,-306.59844970703125
-46.47071838378906,24.530792236328125,-305.85650634765625
-46.15663146972656,24.834701538085938,-306.7568359375
-46.1865234375,24.544937133789062,-306.21258544921875
-46.3724365234375,24.575302124023438,-306.40130615234375
-46.4105224609375,24.497055053710938,-306.73797607421875
-46.17829895019531,24.485107421875,-306.9700012207031
-46.24562072753906,24.465316772460938,-306.64208984375
-46.18731689453125,24.585296630859375,-306.46429443359375
-46.35450744628906,24.46868896484375,-306.4486999511719
-46.90240478515625,24.468719482421875,-306.7352294921875
-46.64569091796875,24.449737548828125,-306.5433349609375
-46.83979797363281,24.413558959960938,-306.4287109375
-46.76841735839844,24.360809326171875,-306.9468994140625
-47.31353759765625,24.302047729492188,-306.706787109375
-46.98435974121094,24.3275146484375,-306.5653381347656
-47.041534423828125,24.1282958984375,-306.53131103515625
-46.89421081542969,23.909042358398438,-306.75067138671875
-46.9732666015625,24.430099487304688,-307.2296142578125
-46.91825866699219,24.213638305664062,-306.9202880859375
-46.727783203125,24.150222778320312,-306.7252197265625
-46.70111083984375,23.976715087890625,-306.763427734375
-46.67063903808594,23.983444213867188,-306.65045166015625
-46.48492431640625,24.065216064453125,-307.0040283203125
-46.738861083984375,23.757705688476562,-306.41595458984375
-46.8836669921875,24.107498168945312,-306.49871826171875
-46.22673034667969,24.375961303710938,-306.6714172363281
-46.71202087402344,24.05914306640625,-306.64453125
-46.447265625,24.162994384765625,-307.02862548828125
-46.15385437011719,23.983535766601562,-307.0738525390625
-46.73876953125,23.953781127929688,-306.575439453125
-46.3155517578125,24.00152587890625,-306.72711181640625
-46.22613525390625,24.331680297851562,-306.4862976074219
-46.11907958984375,24.084747314453125,-307.3446044921875
-45.4998779296875,24.2869873046875,-306.39312744140625
-45.76292419433594,23.95361328125,-306.96148681640625
-45.62556457519531,23.925445556640625,-307.29022216796875
-45.80010986328125,23.444381713867188,-307.8314208984375
-45.794891357421875,23.468856811523438,-307.2574462890625
-45.841949462890625,23.29119873046875,-307.2763671875
-45.82673645019531,23.680679321289062,-307.18890380859375
-45.729339599609375,23.306121826171875,-307.6592102050781
-45.677276611328125,23.458267211914062,-307.59112548828125
-45.48445129394531,23.397628784179688,-307.38519287109375
-45.694427490234375,23.542068481445312,-307.2643127441406
-45.68211364746094,23.419387817382812,-307.6605529785156
-45.62321472167969,23.49554443359375,-306.82476806640625
-45.535552978515625,23.250015258789062,-307.3125915527344
-45.58335876464844,23.169692993164062,-307.41094970703125
-45.29240417480469,23.176544189453125,-307.494140625
-45.28302001953125,23.113815307617188,-307.6758728027344
-45.60905456542969,23.381484985351562,-307.4608459472656
-45.746826171875,23.49066162109375,-307.85400390625
-45.75288391113281,23.177902221679688,-307.99969482421875
-45.6082763671875,23.374755859375,-307.6417236328125
-45.22315979003906,23.58746337890625,-307.7266845703125
-45.57379150390625,23.572357177734375,-307.8023376464844
-45.824554443359375,23.460617065429688,-307.53741455078125
-45.57334899902344,23.38458251953125,-307.48846435546875
-45.40135192871094,23.338180541992188,-307.682373046875
-45.51942443847656,23.179489135742188,-307.4539794921875
-45.82244873046875,22.801956176757812,-307.50054931640625
-45.70127868652344,23.092117309570312,-307.4715270996094
-45.60887145996094,23.24359130859375,-307.620849609375
-45.52455139160156,23.264999389648438,-307.88958740234375
-45.760406494140625,23.236251831054688,-307.51934814453125
-45.81687927246094,22.956893920898438,-307.58477783203125
-45.75917053222656,23.022628784179688,-307.65008544921875
-45.9110107421875,22.979476928710938,-307.55999755859375
-45.68061828613281,23.295135498046875,-308.0848388671875
-45.65553283691406,22.937423706054688,-308.24853515625
-45.64271545410156,23.176422119140625,-307.4468078613281
-45.52818298339844,23.032455444335938,-307.7332763671875
-45.36009216308594,22.786880493164062,-306.99713134765625
-45.49690246582031,23.280517578125,-307.46392822265625
-45.55451965332031,23.150741577148438,-307.021240234375
-45.79469299316406,23.027008056640625,-306.7550964355469
-45.137939453125,23.155120849609375,-306.8746337890625
-45.68109130859375,22.97283935546875,-306.92401123046875
-45.57380676269531,23.176910400390625,-306.8055419921875
-45.26762390136719,23.213088989257812,-307.5226745605469
-45.34706115722656,23.237808227539062,-307.12689208984375
-45.4351806640625,23.171432495117188,-306.858154296875
-45.49839782714844,23.552017211914062,-307.21014404296875
-45.563262939453125,23.511886596679688,-307.1213073730469
-45.46272277832031,23.652786254882812,-306.91754150390625
-45.66130065917969,23.806564331054688,-307.3236083984375
-45.53546142578125,23.916122436523438,-307.099609375
-45.82032775878906,23.867568969726562,-307.0502014160156
-45.61576843261719,23.970016479492188,-307.3348083496094
-45.6451416015625,23.672470092773438,-307.17535400390625
-45.976165771484375,23.3502197265625,-306.94036865234375
-45.03129577636719,23.24700927734375,-307.16204833984375
-45.41828918457031,23.960128784179688,-307.0492858886719
-45.26679992675781,23.705062866210938,-306.83306884765625
-45.46990966796875,23.466140747070312,-307.3971862792969
-45.05052185058594,23.707183837890625,-306.60833740234375
-45.0228271484375,23.795120239257812,-306.63763427734375
-45.38465881347656,23.769683837890625,-306.44781494140625
-45.55674743652344,23.880355834960938,-306.6329040527344
-45.36183166503906,23.717788696289062,-306.4110412597656
-45.41654968261719,23.459014892578125,-306.8683166503906
-45.46537780761719,23.959548950195312,-306.46893310546875
-45.18519592285156,23.83477783203125,-306.4645080566406
-45.34858703613281,23.845367431640625,-306.9112548828125
-45.308837890625,23.971466064453125,-306.73602294921875
-44.87162780761719,24.072784423828125,-306.3907470703125
-45.11669921875,23.838287353515625,-306.3294982910156
-45.10267639160156,23.865768432617188,-306.890625
-44.79052734375,23.724563598632812,-306.36944580078125
-44.464813232421875,23.571060180664062,-306.613525390625
-44.70137023925781,23.740005493164062,-306.451171875
-44.43096923828125,24.047714233398438,-306.6923522949219
-44.64056396484375,23.993682861328125,-306.4521484375
-44.28974914550781,24.0372314453125,-306.532958984375
-44.20018005371094,24.367477416992188,-306.59967041015625
-44.338409423828125,24.223907470703125,-306.5401611328125
-44.5013427734375,24.223159790039062,-306.59326171875
-44.1190185546875,23.750030517578125,-306.37158203125
-44.2337646484375,24.0601806640625,-307.16632080078125
-43.576995849609375,23.932449340820312,-306.7655029296875
-43.99186706542969,23.574264526367188,-306.9234619140625
-43.95307922363281,23.213973999023438,-307.27325439453125
-43.746826171875,23.322921752929688,-306.74664306640625
-43.76991271972656,23.278121948242188,-307.08782958984375
-43.658111572265625,23.26708984375,-306.7132568359375
-43.78916931152344,23.266250610351562,-306.57763671875
-43.64839172363281,23.320938110351562,-307.1334228515625
-43.91709899902344,23.446975708007812,-307.19940185546875
-43.66999816894531,23.491897583007812,-306.97021484375
-43.389801025390625,23.16162109375,-307.3266296386719
-43.60896301269531,23.291030883789062,-307.3933410644531
-43.43707275390625,22.786026000976562,-307.06231689453125
-43.287841796875,22.711227416992188,-307.0692138671875
-43.206390380859375,22.658355712890625,-307.1112060546875
-43.258392333984375,22.524612426757812,-307.42041015625
-43.055419921875,22.256912231445312,-307.283203125
-43.097564697265625,21.942184448242188,-307.1324157714844
-43.31666564941406,22.21380615234375,-307.3541259765625
-43.39707946777344,22.13836669921875,-307.32098388671875
-43.383209228515625,22.089736938476562,-307.6423034667969
-43.87742614746094,22.037796020507812,-307.799072265625
-43.65559387207031,22.169830322265625,-307.55914306640625
-43.62748718261719,22.408004760742188,-307.5919189453125
-43.66064453125,22.3004150390625,-307.84814453125
-43.80671691894531,22.279403686523438,-307.74383544921875
-43.48402404785156,22.439041137695312,-307.3968505859375
-43.56513977050781,22.109390258789062,-307.9674072265625
-44.00860595703125,22.183120727539062,-307.753173828125
-44.19212341308594,22.402862548828125,-307.3571472167969
-44.337432861328125,22.258514404296875,-307.550048828125
-43.96708679199219,22.65997314453125,-307.41558837890625
-44.0740966796875,22.278701782226562,-307.24884033203125
-44.36973571777344,22.249771118164062,-307.1939697265625
-44.067413330078125,22.616897583007812,-307.07440185546875
-44.344024658203125,22.61077880859375,-306.88287353515625
-44.16419982910156,22.6761474609375,-307.6432800292969
-44.41780090332031,22.173309326171875,-307.0584716796875
-44.76441955566406,22.308059692382812,-307.2281494140625
-44.254180908203125,22.301773071289062,-307.3353271484375
-44.68267822265625,22.149337768554688,-307.574462890625
-44.78373718261719,22.3226318359375,-307.1413879394531
-44.380340576171875,22.229202270507812,-307.33026123046875
-45.16981506347656,22.301834106445312,-307.1541748046875
-44.908477783203125,22.509384155273438,-307.4239501953125
-44.99122619628906,22.68243408203125,-307.67047119140625
-44.84449768066406,22.430496215820312,-307.288330078125
-44.85844421386719,22.596405029296875,-307.9237060546875
-44.87294006347656,22.265960693359375,-307.749267578125
-44.230438232421875,22.480880737304688,-307.58929443359375
-44.54296875,22.359664916992188,-307.92413330078125
-44.10296630859375,22.012619018554688,-307.52001953125
-44.21492004394531,21.873031616210938,-307.5111083984375
-44.42286682128906,21.74017333984375,-307.449462890625
-43.800689697265625,21.848831176757812,-307.0821533203125
-44.03669738769531,21.770187377929688,-307.5462951660156
-44.41819763183594,21.8818359375,-307.3971862792969
-44.25733947753906,22.038436889648438,-307.75164794921875
-44.09489440917969,21.8389892578125,-307.0756530761719
-44.13581848144531,22.11834716796875,-307.56036376953125
-43.942230224609375,22.017776489257812,-307.25396728515625
-44.193634033203125,22.27423095703125,-307.4691162109375
-44.32505798339844,21.872940063476562,-307.59674072265625
-43.91888427734375,22.003067016601562,-307.521728515625
-43.948394775390625,21.9853515625,-307.797119140625
-44.43177795410156,21.977294921875,-307.6209411621094
-44.37074279785156,22.0853271484375,-308.09210205078125
-44.33222961425781,22.002426147460938,-307.70965576171875
-44.58381652832031,22.385009765625,-307.52191162109375
-44.75111389160156,22.598968505859375,-307.37176513671875
-44.52537536621094,22.432525634765625,-307.28924560546875
-44.400054931640625,22.592147827148438,-307.39849853515625
-44.42503356933594,22.334854125976562,-307.9412841796875
-44.516937255859375,21.956817626953125,-307.839111328125
-44.391998291015625,21.714218139648438,-307.40869140625
-44.45460510253906,21.6663818359375,-307.46527099609375
-44.10688781738281,21.755081176757812,-308.1709899902344
-44.339508056640625,21.314498901367188,-307.95623779296875
-44.46217346191406,21.52044677734375,-307.5882568359375
-44.33567810058594,21.564193725585938,-307.414794921875
-44.332794189453125,21.635604858398438,-307.3377990722656
-44.5469970703125,21.716384887695312,-307.8193054199219
-44.83213806152344,21.2913818359375,-308.3076171875
-44.85047912597656,21.513580322265625,-308.06207275390625
-44.559661865234375,21.52069091796875,-307.96282958984375
-44.67796325683594,21.268539428710938,-307.78668212890625
-44.664215087890625,21.534225463867188,-308.05328369140625
-44.20915222167969,21.46307373046875,-308.5404357910156
-44.37113952636719,21.416091918945312,-307.6923828125
-44.23658752441406,21.181655883789062,-307.951416015625
-44.56318664550781,21.574630737304688,-308.00653076171875
-44.19728088378906,21.651260375976562,-308.44317626953125
-44.1324462890625,21.328445434570312,-308.66741943359375
-44.40571594238281,21.606826782226562,-308.2674560546875
-44.32069396972656,21.332626342773438,-308.09259033203125
-44.250213623046875,21.65936279296875,-307.5311279296875
-44.34101867675781,21.392654418945312,-307.5595703125
-44.351898193359375,21.500534057617188,-308.03472900390625
-44.06858825683594,21.366485595703125,-308.698486328125
-44.210418701171875,21.215545654296875,-308.06732177734375
-44.37022399902344,21.183578491210938,-308.05078125
-43.886138916015625,20.996841430664062,-308.3638000488281
-44.1368408203125,21.38519287109375,-308.05908203125
-44.44374084472656,20.96343994140625,-307.9031982421875
-44.092376708984375,21.293930053710938,-307.99346923828125
-44.229705810546875,20.866714477539062,-308.47711181640625
-44.57391357421875,20.971878051757812,-308.44110107421875
-44.21678161621094,20.851882934570312,-308.338623046875
-44.32835388183594,21.194793701171875,-308.2967529296875
-44.508575439453125,21.2957763671875,-308.0499267578125
-44.525604248046875,21.218536376953125,-308.3071594238281
-44.29243469238281,21.199508666992188,-308.462646484375
-44.5928955078125,21.548049926757812,-307.6326904296875
-44.53462219238281,21.573577880859375,-307.90618896484375
-44.44221496582031,21.597076416015625,-307.8268127441406
-44.327178955078125,21.726654052734375,-307.75799560546875
-43.93116760253906,21.859664916992188,-308.02618408203125
-44.56703186035156,21.847564697265625,-307.6554870605469
-44.49041748046875,21.8629150390625,-307.923828125
-44.23677062988281,22.308258056640625,-307.5293884277344
-44.334259033203125,22.005035400390625,-307.8424987792969
-44.30497741699219,21.868637084960938,-307.72406005859375
-44.34013366699219,21.855300903320312,-307.85546875
-43.95719909667969,21.854995727539062,-307.4178161621094
-44.13966369628906,21.98077392578125,-307.1910095214844
-43.9962158203125,22.108108520507812,-307.31964111328125
-44.1910400390625,21.620895385742188,-307.8949279785156
-43.979644775390625,21.510833740234375,-307.3096008300781
-43.78254699707031,21.985092163085938,-307.42022705078125
-43.588836669921875,21.90423583984375,-307.29620361328125
-43.624053955078125,22.0516357421875,-307.26690673828125
-43.81475830078125,21.964920043945312,-307.54095458984375
-43.77980041503906,22.006729125976562,-307.351318359375
-44.1737060546875,22.017349243164062,-307.4669189453125
-43.91169738769531,22.061370849609375,-307.60394287109375
-43.80046081542969,21.61346435546875,-307.50079345703125
-43.478240966796875,21.944183349609375,-307.326416015625
-43.56977844238281,21.619140625,-307.5018005371094
-43.56221008300781,21.968826293945312,-307.55877685546875
-43.19630432128906,21.506851196289062,-308.1764831542969
-43.610137939453125,21.567535400390625,-307.76959228515625
-43.57398986816406,21.493911743164062,-307.53118896484375
-43.58653259277344,21.702133178710938,-307.1559753417969
-43.4482421875,22.08746337890625,-307.6404113769531
-43.28190612792969,21.848098754882812,-307.28997802734375
-43.478515625,21.801864624023438,-307.3060607910156
-43.176666259765625,21.8702392578125,-307.2430725097656
-43.19645690917969,21.584609985351562,-307.2557373046875
-42.91716003417969,21.68853759765625,-307.55352783203125
-43.24226379394531,21.904312133789062,-307.6104736328125
-43.28410339355469,21.8551025390625,-306.9554443359375
-42.94184875488281,21.958602905273438,-307.01806640625
-42.932525634765625,22.038375854492188,-306.8739013671875
-43.19190979003906,22.072235107421875,-306.84368896484375
-43.1708984375,22.046005249023438,-307.74835205078125
-43.48150634765625,22.056060791015625,-307.39666748046875
-43.174468994140625,22.367172241210938,-307.42364501953125
-43.49659729003906,22.364547729492188,-307.51226806640625
-43.29290771484375,22.104751586914062,-307.2149658203125
-43.58692932128906,22.278793334960938,-306.97882080078125
-43.18791198730469,22.363555908203125,-306.886474609375
-43.44035339355469,22.283050537109375,-307.3974914550781
-43.31022644042969,22.482681274414062,-307.1699523925781
-43.62809753417969,22.584976196289062,-307.02606201171875
-43.27825927734375,22.641937255859375,-306.966064453125
-43.77308654785156,22.778076171875,-306.78765869140625
-43.733917236328125,22.83282470703125,-306.4591979980469
-43.44340515136719,22.748001098632812,-306.4827880859375
-43.853271484375,23.03656005859375,-306.89361572265625
-43.536773681640625,23.162628173828125,-306.57647705078125
-43.51170349121094,22.880050659179688,-306.67901611328125
-43.693817138671875,22.920089721679688,-306.4958190917969
-43.687164306640625,22.880859375,-306.81658935546875
-43.62811279296875,22.47576904296875,-306.62554931640625
-43.742431640625,22.392074584960938,-306.51947021484375
-43.84968566894531,22.766311645507812,-306.79315185546875
-43.72721862792969,22.291152954101562,-306.953125
-43.97123718261719,22.387557983398438,-307.14654541015625
-43.954620361328125,21.7978515625,-307.04119873046875
-44.17486572265625,21.850723266601562,-307.554443359375
-44.01026916503906,21.9683837890625,-307.6146545410156
-43.90234375,21.52862548828125,-307.63726806640625
-43.761444091796875,21.457473754882812,-307.9835205078125
-43.771270751953125,20.6185302734375,-308.17205810546875
-43.433990478515625,20.714431762695312,-308.1001281738281
-43.687347412109375,20.475372314453125,-308.07379150390625
-44.04423522949219,19.865615844726562,-308.8223876953125
-43.52690124511719,20.004226684570312,-308.79290771484375
-43.75279235839844,19.945205688476562,-308.7679443359375
-43.55345153808594,19.779144287109375,-308.4512939453125
-43.927337646484375,19.910995483398438,-308.48046875
-43.73338317871094,19.968597412109375,-308.72039794921875
-43.88960266113281,19.608779907226562,-308.58843994140625
-43.83204650878906,19.655532836914062,-308.5735778808594
-43.82215881347656,19.671585083007812,-308.45965576171875
-44.03300476074219,19.74285888671875,-308.78436279296875
-44.076995849609375,20.156753540039062,-308.48248291015625
-43.68428039550781,19.778564453125,-308.23675537109375
-44.23289489746094,20.347946166992188,-308.7421875
-43.92268371582031,20.179458618164062,-308.37567138671875
-43.944061279296875,20.270309448242188,-308.1436767578125
-43.84027099609375,20.606033325195312,-308.27496337890625
-43.56221008300781,20.6839599609375,-308.1066589355469
-43.58906555175781,20.791107177734375,-308.234375
-43.55024719238281,20.792343139648438,-308.441650390625
-44.0015869140625,20.923980712890625,-307.98046875
-43.681610107421875,20.437667846679688,-308.2633056640625
-43.48075866699219,21.04779052734375,-307.78839111328125
-43.45030212402344,21.013351440429688,-307.98260498046875
-43.768341064453125,20.849151611328125,-308.140869140625
-43.67431640625,20.830917358398438,-308.03216552734375
-43.788177490234375,20.798110961914062,-307.9954528808594
-43.68670654296875,20.75201416015625,-308.1785583496094
-43.60377502441406,20.6878662109375,-307.842529296875
-43.59379577636719,20.712738037109375,-307.5601806640625
-43.52009582519531,20.431915283203125,-307.7432556152344
-43.59431457519531,20.819290161132812,-307.8763427734375
-43.65446472167969,20.640884399414062,-307.9788513183594
-43.70269775390625,20.75970458984375,-307.6105041503906
-43.59516906738281,20.469268798828125,-308.315185546875
-43.31861877441406,20.42822265625,-307.90570068359375
-43.80274963378906,20.332107543945312,-307.903564453125
-43.60661315917969,20.696563720703125,-307.5824890136719
-44.00498962402344,20.041580200195312,-308.25054931640625
-43.979248046875,19.71124267578125,-308.8648681640625
-44.16728210449219,19.61956787109375,-308.80230712890625
-44.25450134277344,19.134307861328125,-309.0513916015625
-44.16661071777344,18.87237548828125,-308.7842102050781
-44.03898620605469,18.624313354492188,-309.2650146484375
-43.90069580078125,18.553558349609375,-309.32940673828125
-43.510498046875,18.532302856445312,-309.4808654785156
-43.5341796875,18.358489990234375,-309.19854736328125
-43.508392333984375,18.118057250976562,-309.6551513671875
-43.804840087890625,18.249725341796875,-309.6875
-43.40080261230469,17.89593505859375,-309.4765319824219
-43.76570129394531,17.910171508789062,-309.72503662109375
-43.8597412109375,17.900848388671875,-309.7540283203125
-43.48146057128906,17.767471313476562,-309.7200012207031
-43.43986511230469,17.677032470703125,-309.98052978515625
-43.388702392578125,17.7772216796875,-309.7493896484375
-43.38230895996094,17.727005004882812,-309.614990234375
-43.31394958496094,17.604400634765625,-309.8726501464844
-43.30760192871094,17.521804809570312,-309.76654052734375
-43.01884460449219,17.6748046875,-310.0634765625
-43.71470642089844,17.595413208007812,-309.94146728515625
-43.475006103515625,17.398956298828125,-309.2510681152344
-43.33378601074219,17.7388916015625,-310.32635498046875
-43.4700927734375,17.86004638671875,-309.5009765625
-43.420074462890625,18.239578247070312,-309.62481689453125
-43.275848388671875,18.128952026367188,-309.66302490234375
-42.799163818359375,18.035629272460938,-308.9544677734375
-43.097625732421875,18.358352661132812,-309.50823974609375
-43.27128601074219,18.253936767578125,-309.2240905761719
-43.10569763183594,18.013473510742188,-309.5103759765625
-43.0516357421875,18.028701782226562,-309.50677490234375
-43.10148620605469,18.158905029296875,-308.9540710449219
-43.02113342285156,18.266815185546875,-309.7281494140625
-42.87895202636719,18.175857543945312,-309.5256652832031
-42.675811767578125,18.008438110351562,-309.3067932128906
-42.6673583984375,17.835372924804688,-309.5954895019531
-42.86810302734375,17.788482666015625,-309.0616455078125
-42.458709716796875,18.0228271484375,-309.6292724609375
-42.64967346191406,17.922927856445312,-309.3478088378906
-42.59785461425781,18.0003662109375,-309.48236083984375
-42.60198974609375,18.042999267578125,-309.4871826171875
-42.680206298828125,18.195388793945312,-309.44195556640625
-42.247100830078125,18.291961669921875,-309.05999755859375
-42.54310607910156,18.14117431640625,-309.142333984375
-42.66729736328125,18.267013549804688,-308.99481201171875
-42.0863037109375,18.397430419921875,-309.1827392578125
-42.227630615234375,18.673828125,-308.5733642578125
-42.088409423828125,18.195770263671875,-308.92041015625
-41.86759948730469,18.349929809570312,-308.15863037109375
-41.86973571777344,18.309860229492188,-308.26220703125
-41.87440490722656,18.506134033203125,-308.68121337890625
-41.396728515625,18.4169921875,-308.7474060058594
-41.3275146484375,18.701828002929688,-309.01953125
-41.74479675292969,18.813369750976562,-308.85791015625
-41.30174255371094,18.465957641601562,-308.73712158203125
-41.5540771484375,18.748062133789062,-308.613037109375
-41.66450500488281,18.77276611328125,-308.85626220703125
-41.45845031738281,19.237869262695312,-308.457763671875
-41.86183166503906,19.267837524414062,-308.3026428222656
-41.71403503417969,19.150314331054688,-308.0185241699219
-41.82160949707031,19.532135009765625,-308.2027587890625
-41.75129699707031,19.55767822265625,-308.4720153808594
-41.61787414550781,19.377517700195312,-308.34210205078125
-41.8668212890625,19.386276245117188,-308.0299072265625
-41.60858154296875,19.665191650390625,-308.18426513671875
-41.39720153808594,19.734085083007812,-307.92352294921875
-41.33940124511719,19.85333251953125,-307.7913818359375
-41.351593017578125,19.847320556640625,-307.70751953125
-41.584686279296875,19.930374145507812,-308.11053466796875
-41.05682373046875,19.9168701171875,-308.01116943359375
-41.14483642578125,19.476058959960938,-307.5323486328125
-40.98052978515625,19.873779296875,-307.37640380859375
-41.155914306640625,20.138717651367188,-307.49102783203125
-41.17619323730469,20.025222778320312,-307.42315673828125
-40.9483642578125,20.303863525390625,-307.4010314941406
-41.025115966796875,20.277084350585938,-307.5184326171875
-40.85833740234375,20.297882080078125,-307.4649658203125
-41.00901794433594,20.416854858398438,-307.28216552734375
-40.56547546386719,20.573898315429688,-307.330078125
-40.529632568359375,20.478866577148438,-306.9910888671875
-40.52508544921875,20.489822387695312,-306.88238525390625
-40.6048583984375,20.952301025390625,-306.6058044433594
-40.43440246582031,21.214813232421875,-306.8436279296875
-40.399383544921875,21.316299438476562,-306.68560791015625
-40.51896667480469,21.433181762695312,-306.817626953125
-40.464263916015625,21.339263916015625,-306.60589599609375
-40.47918701171875,20.992965698242188,-306.6503601074219
-40.21778869628906,21.0782470703125,-306.55133056640625
-40.42707824707031,21.215484619140625,-306.3551025390625
-40.39250183105469,21.3192138671875,-306.114501953125
-40.329925537109375,21.5780029296875,-306.6170959472656
-40.2027587890625,21.797653198242188,-306.11407470703125
-39.938751220703125,21.814071655273438,-306.16644287109375
-39.86138916015625,21.729934692382812,-305.5204772949219
-40.14314270019531,22.027175903320312,-305.3338623046875
-39.7557373046875,21.747940063476562,-305.7059326171875
-39.921966552734375,21.86602783203125,-305.6624450683594
-39.71131896972656,22.105361938476562,-305.712646484375
-39.83241271972656,22.280609130859375,-305.88861083984375
-39.8433837890625,22.272857666015625,-305.61578369140625
-39.813201904296875,22.253616333007812,-305.338134765625
-39.85466003417969,22.157257080078125,-305.0413818359375
-39.6947021484375,21.9586181640625,-305.1180419921875
-39.849151611328125,22.260208129882812,-305.11309814453125
-39.86058044433594,22.364898681640625,-304.96722412109375
-39.74684143066406,22.179122924804688,-305.19854736328125
-39.93304443359375,22.399749755859375,-305.074462890625
-39.697235107421875,22.337417602539062,-304.96099853515625
-39.772430419921875,22.607818603515625,-305.0144348144531
-39.63023376464844,22.697311401367188,-305.15966796875
-39.574462890625,22.737014770507812,-304.68023681640625
-39.550445556640625,22.836822509765625,-304.83636474609375
-39.6961669921875,22.954864501953125,-304.62225341796875
-40.088134765625,22.895751953125,-305.09527587890625
-39.72142028808594,23.178573608398438,-304.7462463378906
-39.56024169921875,23.351150512695312,-304.4817199707031
-39.35557556152344,23.29327392578125,-304.5385437011719
-39.3662109375,23.30731201171875,-304.7109375
-39.390289306640625,23.152618408203125,-304.21380615234375
-39.597869873046875,23.259918212890625,-304.67547607421875
-39.4564208984375,23.495254516601562,-303.73297119140625
-39.37446594238281,23.345535278320312,-303.79534912109375
-39.33979797363281,23.513839721679688,-304.09912109375
-39.21992492675781,23.60919189453125,-303.6902770996094
-39.10469055175781,23.447769165039062,-304.2704162597656
-38.96588134765625,23.97320556640625,-303.833984375
-39.11964416503906,23.7252197265625,-303.72161865234375
-38.81610107421875,23.658462524414062,-303.90643310546875
-39.3568115234375,23.6085205078125,-303.272216796875
-38.9703369140625,23.952041625976562,-303.7943420410156
-39.142822265625,23.968246459960938,-303.5874938964844
-39.07249450683594,23.960952758789062,-303.3909912109375
-38.82835388183594,23.542190551757812,-303.68817138671875
-38.47514343261719,23.656723022460938,-304.12115478515625
-38.80096435546875,23.961456298828125,-303.06231689453125
-38.79188537597656,23.832656860351562,-303.58270263671875
-38.98931884765625,23.876663208007812,-303.08599853515625
-38.8643798828125,23.995223999023438,-303.19073486328125
-38.76722717285156,24.274871826171875,-302.942138671875
-38.52079772949219,24.082595825195312,-302.79962158203125
-38.529022216796875,24.145263671875,-302.59405517578125
-38.53013610839844,23.927886962890625,-302.59619140625
-38.527862548828125,24.124176025390625,-302.71441650390625
-38.37237548828125,24.241348266601562,-302.3119201660156
-38.20033264160156,24.088836669921875,-302.80853271484375
-38.64459228515625,23.783065795898438,-303.07305908203125
-38.28813171386719,23.936492919921875,-302.8296813964844
-38.134918212890625,24.119949340820312,-302.7966003417969
-38.62742614746094,24.261489868164062,-302.5966796875
-38.19984436035156,23.909271240234375,-302.56927490234375
-38.341583251953125,24.057723999023438,-302.7093505859375
-38.47711181640625,23.930221557617188,-302.83929443359375
-38.7459716796875,23.9285888671875,-303.10662841796875
-38.3177490234375,24.489166259765625,-303.0433349609375
-38.19886779785156,24.154586791992188,-302.81341552734375
-38.6273193359375,24.403579711914062,-302.60357666015625
-38.4024658203125,24.182052612304688,-302.17822265625
-38.30604553222656,24.543533325195312,-302.365234375
-38.40403747558594,24.532073974609375,-302.39520263671875
-38.80586242675781,24.550262451171875,-302.3955078125
-38.65399169921875,24.491561889648438,-302.07806396484375
-38.49955749511719,24.685943603515625,-302.7514953613281
-38.4666748046875,24.304336547851562,-301.9854736328125
-39.115325927734375,24.349594116210938,-301.7828674316406
-38.769500732421875,24.940689086914062,-301.9378356933594
-38.696380615234375,24.752090454101562,-302.041259765625
-38.901763916015625,24.994277954101562,-301.5094299316406
-38.70402526855469,24.875335693359375,-301.7318115234375
-38.44573974609375,24.9610595703125,-301.44122314453125
-39.08778381347656,25.416702270507812,-301.16094970703125
-38.74601745605469,25.263290405273438,-301.1592712402344
-38.87562561035156,25.336700439453125,-301.1125183105469
-39.01776123046875,25.6580810546875,-301.03375244140625
-38.97688293457031,25.862564086914062,-300.9976806640625
-38.78691101074219,25.4749755859375,-301.33056640625
-38.90492248535156,25.604766845703125,-300.96124267578125
-38.825225830078125,25.783416748046875,-300.6809387207031
-38.66851806640625,25.4605712890625,-300.69671630859375
-38.536590576171875,25.503219604492188,-300.4502868652344
-38.954681396484375,25.99493408203125,-300.4962158203125
-38.686431884765625,25.985519409179688,-300.3680725097656
-38.740814208984375,25.594406127929688,-300.37176513671875
-38.524566650390625,25.810012817382812,-300.3294677734375
-38.72276306152344,25.86468505859375,-300.181640625
-38.74530029296875,25.8756103515625,-300.00689697265625
-38.419891357421875,25.97930908203125,-299.49359130859375
-38.6025390625,26.0137939453125,-300.2277526855469
-38.71751403808594,25.725387573242188,-300.02203369140625
-39.18919372558594,25.603622436523438,-299.81439208984375
-38.63957214355469,25.705123901367188,-300.350341796875
-38.876708984375,25.88623046875,-300.09149169921875
-38.6781005859375,25.61749267578125,-299.8555908203125
-38.91314697265625,25.885055541992188,-299.684814453125
-38.65406799316406,25.458755493164062,-299.3725280761719
-38.64384460449219,25.8834228515625,-300.1142883300781
-38.649932861328125,25.777236938476562,-299.5785217285156
-38.7080078125,25.500350952148438,-299.60009765625
-38.66636657714844,25.599685668945312,-299.520751953125
-38.094146728515625,25.77349853515625,-299.7276611328125
-38.22979736328125,25.628677368164062,-299.4267578125
-38.2392578125,25.658172607421875,-299.67620849609375
-38.62806701660156,25.807464599609375,-300.01068115234375
-38.61720275878906,25.337432861328125,-299.60931396484375
-38.34538269042969,25.806640625,-299.5616149902344
-38.64192199707031,25.646347045898438,-299.36590576171875
-38.68974304199219,25.589141845703125,-299.23651123046875
-38.541717529296875,26.086471557617188,-299.24285888671875
-38.626373291015625,25.8948974609375,-299.7950744628906
-38.12568664550781,25.745620727539062,-299.0523681640625
-38.37843322753906,26.11053466796875,-298.99749755859375
-38.44206237792969,25.930007934570312,-298.94091796875
-38.342742919921875,25.498764038085938,-298.4928283691406
-38.364013671875,25.817291259765625,-298.93865966796875
-38.07551574707031,25.9486083984375,-299.26934814453125
-38.029693603515625,25.788177490234375,-298.970703125
-38.18096923828125,25.606094360351562,-299.27783203125
-37.795745849609375,25.690536499023438,-299.143310546875
-37.84419250488281,25.658172607421875,-298.5404052734375
-38.101318359375,25.608230590820312,-298.4432067871094
-38.159515380859375,25.568084716796875,-298.450439453125
-38.21342468261719,25.54632568359375,-298.843994140625
-38.46369934082031,25.128997802734375,-298.9239501953125
-37.76678466796875,25.235031127929688,-298.9127502441406
-37.65156555175781,25.098037719726562,-298.5513916015625
-37.787261962890625,25.410781860351562,-298.82421875
-38.228118896484375,25.2156982421875,-298.3914794921875
-37.936431884765625,25.201019287109375,-298.84918212890625
-38.035552978515625,25.280471801757812,-298.76556396484375
-37.368133544921875,25.333267211914062,-298.30859375
-37.36932373046875,24.840499877929688,-298.5958557128906
-37.72895812988281,25.081893920898438,-298.05841064453125
-37.6690673828125,24.9244384765625,-298.21905517578125
-37.449249267578125,25.161972045898438,-298.03778076171875
-37.91947937011719,25.184326171875,-298.241943359375
-37.68701171875,25.294662475585938,-298.5372009277344
-37.5264892578125,25.061782836914062,-297.83807373046875
-37.36088562011719,24.902816772460938,-298.1157531738281
-37.45881652832031,25.30670166015625,-297.89056396484375
-37.068878173828125,25.019363403320312,-297.93511962890625
-37.43359375,24.832168579101562,-298.3211364746094
-37.412933349609375,25.047836303710938,-297.6209716796875
-37.35272216796875,24.660964965820312,-297.6269226074219
-37.48590087890625,24.905075073242188,-297.5910949707031
-37.33940124511719,25.184097290039062,-297.7451171875
-37.3551025390625,24.994705200195312,-297.62939453125
-37.269439697265625,24.923690795898438,-297.2977294921875
-36.958404541015625,25.205429077148438,-297.5263671875
-37.11595153808594,24.814193725585938,-296.89739990234375
-36.88482666015625,25.201385498046875,-297.0120544433594
-37.36102294921875,25.133834838867188,-297.20294189453125
-37.4796142578125,24.794189453125,-296.6600646972656
-37.470947265625,24.850753784179688,-296.7592468261719
-37.28460693359375,25.016494750976562,-297.171142578125
-37.179107666015625,24.739059448242188,-296.545166015625
-37.08497619628906,24.845504760742188,-296.99066162109375
-37.07206726074219,24.677688598632812,-296.62225341796875
-36.85420227050781,24.910720825195312,-296.9857177734375
-36.53175354003906,24.787933349609375,-296.20562744140625
-36.76219177246094,24.752227783203125,-296.60162353515625
-36.92474365234375,24.747909545898438,-296.48724365234375
-36.69287109375,24.931472778320312,-296.60968017578125
-36.84405517578125,24.977462768554688,-296.32464599609375
-36.31748962402344,24.657501220703125,-296.484130859375
-36.76756286621094,24.765121459960938,-296.3912353515625
-36.46142578125,24.604461669921875,-296.49395751953125
-36.335845947265625,25.191421508789062,-296.248291015625
-36.56121826171875,24.772933959960938,-295.7113037109375
-36.123504638671875,24.77374267578125,-296.305419921875
-36.51786804199219,24.633056640625,-295.9085388183594
-36.59471130371094,24.31884765625,-296.2271728515625
-36.302520751953125,24.615188598632812,-295.9783020019531
-36.39497375488281,24.52606201171875,-295.67138671875
-36.079620361328125,24.76409912109375,-295.675048828125
-36.243194580078125,24.708724975585938,-295.79522705078125
-36.14076232910156,24.464080810546875,-295.33197021484375
-36.249664306640625,24.762451171875,-295.47589111328125
-36.015594482421875,24.55377197265625,-295.899658203125
-35.90301513671875,24.574356079101562,-295.5872497558594
-36.0748291015625,24.763076782226562,-295.7532958984375
-35.9969482421875,24.669204711914062,-295.5992126464844
-36.01728820800781,24.46826171875,-295.32843017578125
-36.016998291015625,24.59808349609375,-295.643798828125
-35.79425048828125,24.88214111328125,-295.73065185546875
-35.81425476074219,24.4947509765625,-295.420166015625
-35.86399841308594,24.674896240234375,-295.44134521484375
-35.6021728515625,24.701507568359375,-295.11444091796875
-35.601287841796875,24.610748291015625,-295.1082458496094
-35.36262512207031,24.647979736328125,-295.09051513671875
-35.38880920410156,24.5072021484375,-295.18865966796875
-35.153167724609375,24.676605224609375,-294.9924621582031
-35.36936950683594,24.4608154296875,-295.1548767089844
-35.28861999511719,24.334014892578125,-295.06884765625
-35.10224914550781,24.38812255859375,-295.06072998046875
-35.01817321777344,24.51416015625,-294.91461181640625
-35.28483581542969,24.269515991210938,-294.643798828125
-34.97434997558594,24.397125244140625,-294.4345397949219
-35.378387451171875,24.369827270507812,-294.6623840332031
-34.9632568359375,24.573822021484375,-294.51055908203125
-34.91831970214844,24.326950073242188,-294.38763427734375
-35.26823425292969,24.367660522460938,-294.523193359375
-35.17036437988281,24.267684936523438,-294.9474182128906
-35.31010437011719,24.268112182617188,-294.5018310546875
-35.38069152832031,24.593765258789062,-294.37200927734375
-34.97969055175781,24.631576538085938,-294.4652099609375
-35.01313781738281,24.333572387695312,-294.40496826171875
-34.9730224609375,24.42059326171875,-294.270263671875
-35.027740478515625,24.309097290039062,-294.0421142578125
-34.79020690917969,24.530502319335938,-294.0384826660156
-34.86070251464844,24.095962524414062,-294.82501220703125
-35.197113037109375,24.317108154296875,-294.10760498046875
-34.857513427734375,24.236770629882812,-294.08428955078125
-35.062713623046875,24.39599609375,-294.635009765625
-34.84056091308594,24.027816772460938,-294.239501953125
-34.69781494140625,23.994491577148438,-294.24102783203125
-34.69792175292969,24.44134521484375,-294.27447509765625
-34.69068908691406,24.696487426757812,-294.2152404785156
-34.406829833984375,24.26507568359375,-293.90789794921875
-34.2647705078125,24.086044311523438,-293.7184143066406
-34.14735412597656,24.1353759765625,-293.6993103027344
-34.082427978515625,24.267288208007812,-294.01116943359375
-34.334716796875,24.080032348632812,-294.0135803222656
-33.9488525390625,24.051895141601562,-293.86956787109375
-33.96058654785156,24.184524536132812,-294.01251220703125
-34.03106689453125,24.077117919921875,-293.61376953125
-34.323638916015625,24.227035522460938,-293.55474853515625
-33.983978271484375,24.239990234375,-293.48846435546875
-33.8035888671875,24.167236328125,-293.3504943847656
-33.728057861328125,24.397796630859375,-293.05694580078125
-33.7220458984375,24.211456298828125,-293.17401123046875
-33.810394287109375,23.9842529296875,-293.1717529296875
-33.71034240722656,24.299285888671875,-293.25177001953125
-33.5025634765625,24.06402587890625,-293.1527099609375
-33.428070068359375,24.296005249023438,-292.9178466796875
-33.604217529296875,24.145355224609375,-293.4344787597656
-33.560943603515625,24.277557373046875,-293.3521728515625
-33.09797668457031,24.02587890625,-293.44818115234375
-33.56816101074219,24.112747192382812,-292.9468688964844
-33.43528747558594,24.114013671875,-292.9687194824219
-33.35285949707031,24.3638916015625,-292.8566589355469
-33.368072509765625,24.312515258789062,-292.9234924316406
-32.97479248046875,24.079971313476562,-292.6650390625
-33.087860107421875,24.053848266601562,-293.0450439453125
-33.19963073730469,24.32354736328125,-292.26171875
-33.23040771484375,24.390853881835938,-292.8743896484375
-32.94535827636719,24.344345092773438,-292.5848388671875
-32.73883056640625,24.543670654296875,-292.27227783203125
-32.77484130859375,24.6529541015625,-292.2967529296875
-33.21453857421875,24.267562866210938,-292.7706298828125
-33.083709716796875,24.2254638671875,-293.12811279296875
-32.53031921386719,24.316146850585938,-292.8038330078125
-33.05119323730469,24.272003173828125,-292.6644287109375
-32.83262634277344,24.013885498046875,-292.681884765625
-32.97019958496094,24.417892456054688,-292.4757385253906
-32.53009033203125,24.336883544921875,-292.5782470703125
-32.95130920410156,24.3082275390625,-292.7054748535156
-33.07240295410156,24.370361328125,-292.7040100097656
-32.75042724609375,24.117630004882812,-292.985595703125
-32.61988830566406,24.441619873046875,-292.5609436035156
-32.3875732421875,24.227752685546875,-292.57843017578125
-32.35212707519531,24.417404174804688,-292.07244873046875
-32.41033935546875,24.58013916015625,-291.90435791015625
-32.51416015625,24.07073974609375,-291.5690002441406
-32.21507263183594,24.566390991210938,-292.1076354980469
-32.295654296875,24.2908935546875,-291.93865966796875
-32.75096130371094,24.494598388671875,-292.30267333984375
-32.638702392578125,24.756179809570312,-292.5123596191406
-32.449981689453125,24.488601684570312,-292.558349609375
-32.68794250488281,24.503768920898438,-292.28741455078125
-32.48626708984375,23.910964965820312,-292.58233642578125
-32.81951904296875,24.674728393554688,-292.344482421875
-32.549163818359375,24.427352905273438,-292.6061096191406
-32.59834289550781,24.47198486328125,-292.8520202636719
-32.36505126953125,24.27630615234375,-292.52301025390625
-32.368743896484375,24.422927856445312,-292.66082763671875
-32.394744873046875,24.339202880859375,-291.97747802734375
-32.295166015625,24.511276245117188,-291.8375244140625
-32.05195617675781,24.51593017578125,-291.7589111328125
-32.19328308105469,24.247100830078125,-292.15350341796875
-31.986770629882812,24.406951904296875,-291.9408264160156
-32.04270935058594,24.066680908203125,-292.52197265625
-32.01605224609375,24.285049438476562,-292.0589599609375
-31.875259399414062,24.366775512695312,-291.8714294433594
-32.18829345703125,24.25213623046875,-291.37994384765625
-31.952682495117188,24.064788818359375,-291.7824401855469
-31.71868896484375,24.04693603515625,-291.50714111328125
-31.64898681640625,23.961944580078125,-291.52813720703125
-31.253097534179688,23.901809692382812,-291.74102783203125
-31.679580688476562,23.896011352539062,-291.5372314453125
-31.548690795898438,24.125534057617188,-291.72564697265625
-31.481719970703125,23.755111694335938,-291.65325927734375
-31.579986572265625,24.014007568359375,-291.4859619140625
-31.399917602539062,24.094940185546875,-292.24639892578125
-31.6368408203125,23.865127563476562,-291.906005859375
-31.467666625976562,23.893325805664062,-292.1741943359375
-31.607574462890625,23.608444213867188,-292.3589782714844
-31.72613525390625,23.61468505859375,-292.0728759765625
-31.48577880859375,23.75579833984375,-291.931640625
-31.523834228515625,23.327743530273438,-292.1512451171875
-31.592071533203125,23.560867309570312,-292.0894775390625
-31.455703735351562,23.628128051757812,-292.16827392578125
-31.471420288085938,23.824951171875,-291.8577880859375
-31.403839111328125,24.4771728515625,-291.311279296875
-31.302139282226562,24.592391967773438,-290.883544921875
-31.227066040039062,24.844039916992188,-290.8829345703125
-31.051422119140625,24.942367553710938,-291.12762451171875
-31.168426513671875,24.982879638671875,-290.412353515625
-31.238250732421875,25.156936645507812,-290.4812927246094
-31.298065185546875,25.192535400390625,-290.276611328125
-31.561782836914062,25.157821655273438,-289.9270324707031
-31.363677978515625,25.101943969726562,-290.4883728027344
-30.795547485351562,25.314788818359375,-290.10443115234375
-31.204788208007812,24.776779174804688,-290.800048828125
-31.313583374023438,24.865524291992188,-290.7364501953125
-31.29754638671875,24.694305419921875,-290.48876953125
-30.669418334960938,24.851806640625,-290.4080505371094
-30.488189697265625,25.20947265625,-290.2768249511719
-31.119354248046875,24.924530029296875,-290.2757568359375
-30.738998413085938,25.067596435546875,-290.3078918457031
-30.613327026367188,25.001754760742188,-290.31201171875
-30.6295166015625,24.94580078125,-290.4886779785156
-30.660140991210938,24.9095458984375,-290.3968505859375
-30.540008544921875,24.491302490234375,-290.69287109375
-30.280303955078125,24.431365966796875,-289.9151611328125
-30.140594482421875,24.390670776367188,-290.21954345703125
-30.241790771484375,24.510406494140625,-290.47637939453125
-30.193099975585938,24.292129516601562,-290.5465393066406
-30.2154541015625,23.947311401367188,-290.2749328613281
-30.078353881835938,24.040252685546875,-290.39501953125
-29.931777954101562,24.314407348632812,-290.53564453125
-29.97137451171875,24.079345703125,-290.53472900390625
-29.850250244140625,24.330429077148438,-290.6504211425781
-29.663223266601562,24.326446533203125,-290.8245849609375
-29.802398681640625,24.299346923828125,-290.78271484375
-29.940231323242188,24.303146362304688,-290.91162109375
-30.238433837890625,24.2830810546875,-290.2086181640625
-29.794326782226562,24.354400634765625,-290.57208251953125
-29.943801879882812,24.353607177734375,-290.7622375488281
-29.808578491210938,24.548843383789062,-290.94061279296875
-30.08111572265625,24.6156005859375,-290.7786865234375
-29.949874877929688,24.830459594726562,-290.35760498046875
-30.064163208007812,24.684921264648438,-290.2650146484375
-29.88690185546875,24.754287719726562,-290.3949890136719
-29.654800415039062,24.413101196289062,-290.7005615234375
-29.819534301757812,24.419357299804688,-291.0632019042969
-30.070907592773438,24.692459106445312,-290.8934326171875
-29.851516723632812,24.551513671875,-290.9541015625
-29.671844482421875,24.46807861328125,-290.5390625
-29.906661987304688,24.440353393554688,-290.8538818359375
-29.561935424804688,24.547042846679688,-290.84979248046875
-30.033935546875,24.413299560546875,-290.708740234375
-29.637863159179688,24.564773559570312,-290.4012451171875
-29.769943237304688,24.517501831054688,-290.3945617675781
-29.627838134765625,24.503921508789062,-290.7010498046875
-29.417083740234375,24.410247802734375,-290.71209716796875
-29.365859985351562,24.429092407226562,-290.416748046875
-29.645416259765625,24.3048095703125,-291.0884094238281
-29.09405517578125,24.501419067382812,-290.6662902832031
-28.83697509765625,24.347442626953125,-290.4020690917969
-29.210662841796875,24.560501098632812,-290.78265380859375
-29.063995361328125,24.498336791992188,-290.89501953125
-28.697799682617188,24.368789672851562,-291.0863037109375
-28.8968505859375,24.449188232421875,-291.2074279785156
-28.6573486328125,24.259963989257812,-290.58392333984375
-28.42791748046875,24.371383666992188,-290.5202331542969
-28.2071533203125,24.174026489257812,-290.87432861328125
-28.339126586914062,24.351303100585938,-290.9899597167969
-28.313507080078125,24.165252685546875,-291.0393981933594
-28.414413452148438,24.16693115234375,-291.397705078125
-28.479156494140625,24.059829711914062,-291.233154296875
-28.479095458984375,24.433456420898438,-291.56005859375
-28.409347534179688,24.274459838867188,-291.08514404296875
-28.302444458007812,24.33740234375,-291.3350830078125
-28.053695678710938,24.423980712890625,-291.37457275390625
-27.89471435546875,24.740097045898438,-291.33978271484375
-28.028762817382812,24.32171630859375,-290.8052978515625
-28.142913818359375,24.701644897460938,-290.73095703125
-27.975082397460938,24.249710083007812,-290.82843017578125
-27.870986938476562,24.46295166015625,-290.92755126953125
-27.75946044921875,24.257522583007812,-290.96673583984375
-27.728271484375,24.4449462890625,-291.015869140625
-27.866287231445312,24.424667358398438,-291.03594970703125
-27.622329711914062,24.482040405273438,-290.8245849609375
-27.716690063476562,24.340438842773438,-290.9204406738281
-27.66998291015625,24.726226806640625,-291.1639404296875
-27.843109130859375,24.377273559570312,-290.8573913574219
-27.798690795898438,24.612396240234375,-290.53143310546875
-27.340667724609375,24.7845458984375,-291.1165771484375
-27.625411987304688,24.718978881835938,-290.6851806640625
-27.311782836914062,24.649429321289062,-290.9705810546875
-27.376388549804688,24.853073120117188,-290.64935302734375
-27.43255615234375,24.846939086914062,-290.20904541015625
-27.39031982421875,24.798171997070312,-290.8800354003906
-27.568756103515625,24.742080688476562,-291.3287048339844
-27.315994262695312,24.824813842773438,-290.85809326171875
-27.765350341796875,24.98895263671875,-291.1805114746094
-27.259613037109375,24.592208862304688,-290.9312744140625
-27.4027099609375,24.822616577148438,-290.87371826171875
-27.52569580078125,24.595123291015625,-291.7062072753906
-27.402679443359375,24.89093017578125,-291.1240539550781
-27.201171875,24.937744140625,-291.12481689453125
-27.810653686523438,24.819793701171875,-291.2062683105469
-27.366012573242188,24.808441162109375,-291.2759094238281
-27.215011596679688,25.020156860351562,-291.133056640625
-27.70941162109375,24.94305419921875,-291.37890625
-27.1884765625,24.916519165039062,-291.416259765625
-27.349472045898438,24.788055419921875,-291.3153381347656
-27.277862548828125,24.471466064453125,-291.24456787109375
-27.00933837890625,24.5889892578125,-291.66278076171875
-27.24493408203125,24.704910278320312,-291.71551513671875
-27.302322387695312,24.77978515625,-291.23858642578125
-27.273483276367188,25.020278930664062,-291.4762268066406
-27.361526489257812,24.60284423828125,-291.48028564453125
-27.0460205078125,25.018447875976562,-290.84295654296875
-27.39208984375,24.942840576171875,-290.725830078125
-27.075653076171875,24.8665771484375,-291.1158447265625
-27.087799072265625,24.872421264648438,-290.8831787109375
-27.487335205078125,24.711578369140625,-290.6820373535156
-26.734725952148438,24.784698486328125,-291.1441650390625
-27.034957885742188,24.854019165039062,-290.3887023925781
-27.21978759765625,24.331893920898438,-291.20855712890625
-26.893310546875,24.856155395507812,-291.1305236816406
-27.186630249023438,24.457763671875,-291.01605224609375
-26.919021606445312,24.496063232421875,-290.7060546875
-27.134201049804688,24.481521606445312,-290.7625732421875
-26.904983520507812,24.911819458007812,-291.29644775390625
-26.663497924804688,24.967803955078125,-290.43206787109375
-27.082489013671875,24.803985595703125,-291.09521484375
-27.09185791015625,24.820343017578125,-291.22259521484375
-26.978973388671875,24.732925415039062,-290.88360595703125
-26.705520629882812,24.619781494140625,-291.00360107421875
-26.837448120117188,24.641464233398438,-291.16265869140625
-27.191146850585938,24.5931396484375,-290.7166748046875
-26.921676635742188,24.904510498046875,-291.2938232421875
-27.012710571289062,24.970840454101562,-290.8004150390625
-26.9700927734375,24.625717163085938,-291.33038330078125
-26.8148193359375,24.760345458984375,-290.82464599609375
-26.8323974609375,24.698806762695312,-290.4755859375
-26.897171020507812,24.718658447265625,-290.6510009765625
-27.096206665039062,24.859222412109375,-290.8340148925781
-27.08282470703125,24.690277099609375,-290.16796875
-26.982894897460938,25.0081787109375,-290.9100341796875
-26.769134521484375,24.753082275390625,-290.8548583984375
-26.7940673828125,24.801239013671875,-290.6506652832031
-27.0196533203125,24.879638671875,-290.66229248046875
-26.846542358398438,24.810699462890625,-291.2392578125
-26.57696533203125,24.8472900390625,-290.95770263671875
-26.942123413085938,24.752166748046875,-290.8988037109375
-26.927886962890625,24.8372802734375,-291.25018310546875
-26.655868530273438,25.174041748046875,-290.85797119140625
-27.152572631835938,24.998153686523438,-290.83831787109375
-27.110244750976562,25.135498046875,-290.4306335449219
-26.902145385742188,24.888961791992188,-290.637939453125
-27.201095581054688,24.791549682617188,-290.73870849609375
-26.695358276367188,24.762008666992188,-290.8792724609375
-26.925430297851562,24.955032348632812,-290.70599365234375
-27.008987426757812,24.661270141601562,-290.763671875
-26.808700561523438,24.660629272460938,-290.7806396484375
-26.78857421875,24.999435424804688,-290.4444580078125
-26.790252685546875,24.994430541992188,-290.20941162109375
-26.799850463867188,25.095962524414062,-290.4796447753906
-26.609954833984375,25.172271728515625,-290.16705322265625
-26.518585205078125,24.8671875,-290.06854248046875
-26.535812377929688,25.140106201171875,-289.93218994140625
-26.322860717773438,25.168899536132812,-289.6905822753906
-26.400970458984375,25.4281005859375,-290.2264404296875
-26.438934326171875,24.999160766601562,-289.89373779296875
-26.290069580078125,25.093948364257812,-289.9635925292969
-26.505783081054688,24.9361572265625,-290.4268798828125
-26.465194702148438,24.927047729492188,-290.12451171875
-26.56256103515625,24.915145874023438,-289.725341796875
-26.723648071289062,24.96380615234375,-290.0736389160156
-26.206039428710938,24.99859619140625,-289.9434814453125
-26.399688720703125,25.134735107421875,-290.1218566894531
-26.375274658203125,24.752670288085938,-289.96844482421875
-26.573562622070312,25.10968017578125,-289.4111633300781
-26.288925170898438,24.99322509765625,-289.86029052734375
-26.106552124023438,24.73675537109375,-290.39044189453125
-26.094284057617188,25.0357666015625,-289.88970947265625
-26.20477294921875,24.828033447265625,-290.0234680175781
-26.365036010742188,24.931549072265625,-290.7764892578125
-26.048629760742188,24.797500610351562,-290.43084716796875
-26.711898803710938,24.547622680664062,-290.525634765625
-26.498779296875,24.595077514648438,-290.70751953125
-26.401901245117188,24.99188232421875,-290.72393798828125
-26.321258544921875,24.494003295898438,-290.499755859375
-26.05938720703125,24.853347778320312,-290.69781494140625
-26.175125122070312,24.465988159179688,-290.7086181640625
-26.238082885742188,24.905349731445312,-290.3245849609375
-26.50653076171875,24.8167724609375,-290.39605712890625
-26.674163818359375,24.593338012695312,-290.4785461425781
-26.826263427734375,24.684280395507812,-290.2507629394531
-26.609786987304688,24.633895874023438,-290.3646545410156
-26.577346801757812,24.406417846679688,-290.5946960449219
-26.724639892578125,24.407882690429688,-290.3999328613281
-26.585662841796875,24.459716796875,-290.79290771484375
-26.637069702148438,24.499237060546875,-290.34600830078125
-26.551040649414062,23.9769287109375,-290.52313232421875
-26.5048828125,24.33526611328125,-290.47723388671875
-26.421401977539062,24.0408935546875,-290.68505859375
-26.628829956054688,23.938461303710938,-290.81109619140625
-26.389968872070312,24.27984619140625,-290.5135192871094
-26.44915771484375,24.38555908203125,-290.58306884765625
-26.705886840820312,23.9521484375,-291.0445556640625
-26.151504516601562,24.220870971679688,-290.63604736328125
-26.8232421875,23.928817749023438,-290.59429931640625
-26.440231323242188,23.792160034179688,-290.97637939453125
-26.877685546875,23.9349365234375,-290.7638244628906
-26.310272216796875,23.737869262695312,-290.7548828125
-26.504730224609375,23.5601806640625,-290.37109375
-26.157363891601562,23.48455810546875,-289.8956298828125
-26.682098388671875,23.42706298828125,-290.3111572265625
-26.556411743164062,23.764053344726562,-290.1506652832031
-26.215499877929688,23.679122924804688,-290.08892822265625
-26.255035400390625,23.611419677734375,-290.14019775390625
-26.327651977539062,23.743316650390625,-289.7320251464844
-26.2816162109375,23.764389038085938,-289.83807373046875
-26.137466430664062,23.51593017578125,-289.78863525390625
-25.919509887695312,23.584182739257812,-289.90716552734375
-25.951614379882812,23.502685546875,-289.9147644042969
-26.15838623046875,23.455413818359375,-289.7127685546875
-26.181381225585938,23.49945068359375,-290.114501953125
-25.901016235351562,23.268341064453125,-289.17578125
-25.894485473632812,23.773773193359375,-289.3467102050781
-25.7393798828125,23.56121826171875,-289.17279052734375
-26.108367919921875,23.609619140625,-289.0443115234375
-25.974472045898438,23.156143188476562,-288.84796142578125
-25.495895385742188,23.226119995117188,-288.39154052734375
-25.492431640625,23.324493408203125,-288.4591064453125
-25.316299438476562,23.618331909179688,-288.5301818847656
-25.24267578125,23.703933715820312,-288.47235107421875
-25.015609741210938,23.657577514648438,-288.7915344238281
-25.422103881835938,23.297744750976562,-288.54888916015625
-25.239700317382812,23.133956909179688,-288.5328369140625
-25.169784545898438,23.1256103515625,-288.28143310546875
-25.390335083007812,23.052093505859375,-288.36334228515625
-25.095123291015625,23.261611938476562,-288.4632568359375
-25.275970458984375,22.869598388671875,-288.69085693359375
-25.443252563476562,23.173080444335938,-288.62579345703125
-25.262542724609375,23.358474731445312,-288.50115966796875
-25.027908325195312,22.89697265625,-288.7297668457031
-25.308578491210938,22.979812622070312,-288.29010009765625
-25.373153686523438,22.73699951171875,-287.9837646484375
-25.020355224609375,22.82598876953125,-288.48870849609375
-25.10400390625,22.56854248046875,-288.21734619140625
-25.492218017578125,22.596435546875,-288.5283508300781
-25.28656005859375,22.920684814453125,-288.33447265625
-25.400665283203125,22.799453735351562,-288.6783447265625
-25.336135864257812,22.73724365234375,-288.5482177734375
-25.129226684570312,23.100494384765625,-289.1343994140625
-25.091217041015625,22.990371704101562,-289.27777099609375
-25.798919677734375,22.921249389648438,-288.86102294921875
-26.079193115234375,23.116973876953125,-289.11724853515625
-25.47674560546875,22.912246704101562,-288.92578125
-25.642776489257812,22.9833984375,-289.58013916015625
-25.83935546875,23.195770263671875,-289.0783996582031
-25.886016845703125,23.3297119140625,-289.70184326171875
-25.592941284179688,23.431381225585938,-289.2426452636719
-25.628860473632812,23.341705322265625,-289.4023742675781
-25.794586181640625,23.525985717773438,-289.2118225097656
-25.565521240234375,23.474533081054688,-289.53662109375
-25.874099731445312,23.416061401367188,-289.3983154296875
-25.495468139648438,23.774810791015625,-289.20452880859375
-26.133010864257812,23.4371337890625,-289.70391845703125
-25.749740600585938,23.393447875976562,-289.88543701171875
-26.014816284179688,23.241012573242188,-289.634033203125
-25.872055053710938,23.426162719726562,-290.3436279296875
-25.964080810546875,23.472686767578125,-290.0072326660156
-25.76519775390625,23.331390380859375,-289.94061279296875
-25.994354248046875,23.396224975585938,-290.2308044433594
-25.832611083984375,23.695510864257812,-290.3563232421875
-25.915145874023438,23.3319091796875,-290.6495361328125
-25.946823120117188,23.595016479492188,-290.2894592285156
-26.025253295898438,23.76019287109375,-290.5029602050781
-26.485000610351562,23.394989013671875,-290.193359375
-26.320404052734375,23.470855712890625,-290.42596435546875
-26.277236938476562,23.251144409179688,-290.88165283203125
-26.274261474609375,23.221710205078125,-290.64923095703125
-26.288909912109375,23.265396118164062,-290.7251892089844
-26.21661376953125,23.312393188476562,-290.3456726074219
-26.095916748046875,23.349411010742188,-290.52288818359375
-26.207199096679688,23.0467529296875,-290.4693298339844
-26.117294311523438,23.445419311523438,-290.66119384765625
-26.19036865234375,23.397796630859375,-290.71112060546875
-25.989730834960938,22.981948852539062,-290.7978820800781
-26.355392456054688,23.214599609375,-290.849365234375
-26.475830078125,23.386520385742188,-290.7363586425781
-26.529388427734375,23.4700927734375,-290.85430908203125
-26.439620971679688,23.263641357421875,-290.4681396484375
-26.324203491210938,23.652786254882812,-290.32550048828125
-26.655166625976562,23.26025390625,-290.8594665527344
-26.511093139648438,23.427749633789062,-290.65765380859375
-26.50433349609375,23.394073486328125,-290.4494323730469
-26.5379638671875,23.1221923828125,-290.6915283203125
-26.255340576171875,22.981048583984375,-291.0970458984375
-26.653488159179688,23.369964599609375,-290.76336669921875
-26.367218017578125,23.408477783203125,-291.25897216796875
-26.499359130859375,23.618789672851562,-290.97821044921875
-26.674407958984375,23.121841430664062,-290.4854736328125
-26.5164794921875,23.774978637695312,-291.3470458984375
