"Time (s)","X (m/s^2)","Y (m/s^2)","Z (m/s^2)"
2.381041666E-3,3.367996216E-2,8.298443298E0,-5.414091339E0
1.235604167E-2,1.044827271E-1,8.246501312E0,-5.357958069E0
2.233104167E-2,1.366658020E-1,8.212372284E0,-5.427114258E0
3.230604167E-2,8.936416626E-2,8.205636292E0,-5.496120758E0
4.228104167E-2,1.269360352E-1,8.220605164E0,-5.446424103E0
5.225604167E-2,9.190887451E-2,8.269553375E0,-5.352718964E0
6.223104167E-2,1.170565796E-1,8.318651276E0,-5.302573242E0
7.220604167E-2,1.908531189E-1,8.247399445E0,-5.311255188E0
8.218104167E-2,1.498384094E-1,8.128696289E0,-5.374274139E0
9.215704167E-2,-8.367599487E-2,8.238567810E0,-5.610482941E0
1.021320417E-1,1.706451416E-2,8.296946411E0,-5.567372589E0
1.121070417E-1,7.020401001E-2,8.209528198E0,-5.286706238E0
1.220820417E-1,2.785707092E-1,8.136779480E0,-5.302722931E0
1.320570417E-1,4.745132446E-2,8.210276642E0,-5.551505585E0
1.420320417E-1,1.992356873E-1,8.232280884E0,-5.413193207E0
1.520070417E-1,1.339714050E-1,8.325986023E0,-5.211263123E0
1.619820417E-1,1.037342834E-1,8.363108826E0,-5.232818298E0
1.719570417E-1,1.681004333E-1,8.261170807E0,-5.411546631E0
1.819330417E-1,3.637435913E-2,8.100255432E0,-5.570516052E0
1.919080417E-1,8.173004150E-2,8.106841736E0,-5.620362396E0
2.018830417E-1,1.691482544E-2,8.268655243E0,-5.468428345E0
2.118580417E-1,2.260299683E-2,8.409811707E0,-5.281167755E0
2.218330417E-1,1.016386414E-1,8.347391510E0,-5.269492035E0
2.318080417E-1,1.303788757E-1,8.171207886E0,-5.474864960E0
2.417830417E-1,1.441502380E-1,8.061486053E0,-5.578748932E0
2.517580417E-1,1.957928467E-1,8.143665161E0,-5.454956360E0
2.617340417E-1,1.167572021E-1,8.335416412E0,-5.236111450E0
2.717090417E-1,1.252894592E-1,8.410410461E0,-5.180427246E0
2.816840417E-1,1.269360352E-1,8.293054504E0,-5.328918457E0
2.916590417E-1,1.187031555E-1,8.118966522E0,-5.534291382E0
3.016340417E-1,1.329235840E-1,8.076155548E0,-5.612129517E0
3.116090417E-1,7.918533325E-2,8.229436798E0,-5.472020874E0
3.215840417E-1,7.768844604E-2,8.376880188E0,-5.274431763E0
3.315590417E-1,8.532257080E-2,8.364605713E0,-5.267695770E0
3.415340417E-1,8.337661743E-2,8.235574036E0,-5.440885620E0
3.515100417E-1,1.293310547E-1,8.125852203E0,-5.564229126E0
3.614850417E-1,1.628613281E-1,8.140671387E0,-5.475613403E0
3.714600417E-1,1.474433899E-1,8.272397461E0,-5.317392426E0
3.814350417E-1,1.224453735E-1,8.367000732E0,-5.254672852E0
3.914100417E-1,1.130149841E-1,8.287665710E0,-5.299579468E0
4.013850417E-1,1.097218323E-1,8.171656952E0,-5.463039551E0
4.113600417E-1,1.435514832E-1,8.126450958E0,-5.533842316E0
4.213350417E-1,4.864883423E-2,8.272098083E0,-5.521268463E0
4.313100417E-1,1.191522217E-1,8.301586761E0,-5.271587677E0
4.412860417E-1,1.327738953E-1,8.260871429E0,-5.235812073E0
4.512610417E-1,1.026864624E-1,8.244854736E0,-5.490582275E0
4.612360417E-1,4.595443726E-2,8.196804657E0,-5.560187531E0
4.712110417E-1,1.775308228E-1,8.181087341E0,-5.403164062E0
4.811860417E-1,1.408570862E-1,8.255332947E0,-5.294639740E0
4.911610417E-1,5.688171387E-2,8.304879913E0,-5.380261688E0
5.011360417E-1,8.816665649E-2,8.249345398E0,-5.452411652E0
5.111110417E-1,6.840774536E-2,8.194259949E0,-5.477709045E0
5.210870417E-1,1.712438965E-1,8.199199677E0,-5.401517487E0
5.310620417E-1,1.733395386E-1,8.236921234E0,-5.317691803E0
5.410370417E-1,1.833686829E-1,8.262368317E0,-5.301974487E0
5.510120417E-1,1.468446350E-1,8.256829834E0,-5.366789703E0
5.609870417E-1,1.074765015E-1,8.231682129E0,-5.415139160E0
5.709620417E-1,9.056167603E-2,8.252039795E0,-5.419629822E0
5.809370417E-1,5.792953491E-2,8.271050262E0,-5.413941650E0
5.909120417E-1,6.556365967E-2,8.220305786E0,-5.419629822E0
6.008870417E-1,7.604187012E-2,8.174650726E0,-5.516628113E0
6.108630417E-1,5.209167480E-2,8.196954346E0,-5.551804962E0
6.208380417E-1,6.810836792E-2,8.255183258E0,-5.406157837E0
6.308130417E-1,1.544787598E-1,8.318800964E0,-5.266498260E0
6.407880417E-1,1.648072815E-1,8.305478668E0,-5.285508728E0
6.507630417E-1,1.814227295E-1,8.205636292E0,-5.394033051E0
6.607380417E-1,1.664538574E-1,8.148006134E0,-5.468428345E0
6.707130417E-1,9.699829102E-2,8.202941895E0,-5.457950134E0
6.806880417E-1,8.337661743E-2,8.314010925E0,-5.362897797E0
6.906640417E-1,6.361770630E-2,8.344697113E0,-5.303770752E0
7.006390417E-1,7.229965210E-2,8.251740417E0,-5.412893829E0
7.106140417E-1,9.175918579E-2,8.136480103E0,-5.555846558E0
7.205890417E-1,9.565109253E-2,8.135581970E0,-5.540129242E0
7.305640417E-1,1.145118713E-1,8.250243530E0,-5.393583984E0
7.405390417E-1,1.245410156E-1,8.361162872E0,-5.254373474E0
7.505140417E-1,1.354682922E-1,8.325536957E0,-5.251828766E0
7.604890417E-1,1.561253357E-1,8.204139404E0,-5.403463440E0
7.704640417E-1,1.347198486E-1,8.131989441E0,-5.530249786E0
7.804400417E-1,1.056802368E-1,8.184530182E0,-5.480403442E0
7.904150417E-1,9.744735718E-2,8.303832092E0,-5.339995422E0
8.003900417E-1,7.259902954E-2,8.348738708E0,-5.287454681E0
8.103650417E-1,7.394622803E-2,8.271798706E0,-5.407055969E0
8.203400417E-1,9.235794067E-2,8.161777496E0,-5.530399475E0
8.303150417E-1,1.207987976E-1,8.145162048E0,-5.509592743E0
8.402900417E-1,1.345701599E-1,8.234077148E0,-5.386099548E0
8.502650417E-1,1.321751404E-1,8.339607697E0,-5.273084564E0
8.602410417E-1,1.213975525E-1,8.317304077E0,-5.289250946E0
8.702160417E-1,1.317260742E-1,8.215216370E0,-5.412594452E0
8.801910417E-1,1.152603149E-1,8.157885590E0,-5.509293365E0
8.901660417E-1,1.131646729E-1,8.197253723E0,-5.463787994E0
9.001410417E-1,1.100212097E-1,8.274642792E0,-5.353916473E0
9.101160417E-1,8.592132568E-2,8.300838318E0,-5.330714722E0
9.200910417E-1,8.637039185E-2,8.252638550E0,-5.417234802E0
9.300660417E-1,9.086105347E-2,8.186326447E0,-5.482199707E0
9.400410417E-1,1.145118713E-1,8.194110260E0,-5.471871185E0
9.500170417E-1,1.249900818E-1,8.252039795E0,-5.381608887E0
9.599920417E-1,1.281335449E-1,8.292156372E0,-5.313201141E0
9.699670417E-1,1.230441284E-1,8.277636566E0,-5.351222076E0
9.799420417E-1,1.176553345E-1,8.219856720E0,-5.442382507E0
9.899170417E-1,1.095721436E-1,8.200247498E0,-5.460794220E0
9.998920417E-1,1.131646729E-1,8.232430573E0,-5.413941650E0
1.009867042E0,1.044827271E-1,8.271349640E0,-5.363346863E0
1.019842042E0,1.058299255E-1,8.265212402E0,-5.380261688E0
1.029818042E0,1.070274353E-1,8.220006409E0,-5.425767059E0
1.039793042E0,9.894424438E-2,8.206534424E0,-5.450615387E0
1.049768042E0,1.130149841E-1,8.233478394E0,-5.423072662E0
1.059743042E0,1.115180969E-1,8.276139679E0,-5.365143127E0
1.069718042E0,1.210981750E-1,8.265362091E0,-5.359904022E0
1.079693042E0,1.166075134E-1,8.229885864E0,-5.405110016E0
1.089668042E0,1.098715210E-1,8.206833801E0,-5.451363831E0
1.099643042E0,1.028361511E-1,8.224946136E0,-5.433550873E0
1.109619042E0,1.050814819E-1,8.264613647E0,-5.370980988E0
1.119594042E0,1.140628052E-1,8.268056488E0,-5.357359314E0
1.129569042E0,1.079255676E-1,8.232580261E0,-5.407954102E0
1.139544042E0,1.100212097E-1,8.198900299E0,-5.468278656E0
1.149519042E0,1.095721436E-1,8.216713257E0,-5.438789978E0
1.159494042E0,1.088237000E-1,8.261619873E0,-5.375621338E0
1.169469042E0,1.222956848E-1,8.280031586E0,-5.330115967E0
1.179444042E0,1.199006653E-1,8.246800690E0,-5.374423828E0
1.189419042E0,1.243913269E-1,8.207133179E0,-5.442681885E0
1.199395042E0,1.257385254E-1,8.207432556E0,-5.435796204E0
1.209370042E0,1.052311707E-1,8.259524231E0,-5.383854218E0
1.219345042E0,1.160087585E-1,8.295000458E0,-5.342540131E0
1.229320042E0,8.816665649E-2,8.275091858E0,-5.369933167E0
1.239295042E0,6.616241455E-2,8.216114502E0,-5.472320251E0
1.249270042E0,8.307723999E-2,8.168962555E0,-5.513484650E0
1.259245042E0,9.460327148E-2,8.194709015E0,-5.453908539E0
1.269220042E0,9.131011963E-2,8.281528473E0,-5.384452972E0
1.279196042E0,1.163081360E-1,8.312064972E0,-5.341192932E0
1.289171042E0,1.297801208E-1,8.277486877E0,-5.354215851E0
1.299146042E0,1.472937012E-1,8.220904541E0,-5.402265930E0
1.309121042E0,1.568737793E-1,8.195307770E0,-5.418432312E0
1.319096042E0,1.387614441E-1,8.217910767E0,-5.398673401E0
1.329071042E0,1.083746338E-1,8.259673920E0,-5.378914490E0
1.339046042E0,1.014889526E-1,8.265362091E0,-5.399721222E0
1.349021042E0,1.131646729E-1,8.204438782E0,-5.450016632E0
1.358997042E0,6.271957397E-2,8.209677887E0,-5.459147644E0
1.368972042E0,1.210981750E-1,8.273894348E0,-5.422922974E0
1.378947042E0,8.846603394E-2,8.287366333E0,-5.348677368E0
1.388922042E0,1.498384094E-1,8.243058472E0,-5.338498535E0
1.398897042E0,-1.990859985E-2,8.184679871E0,-5.466482391E0
1.408872042E0,1.190025330E-1,8.187973022E0,-5.579796753E0
1.418847042E0,1.432521057E-1,8.287366333E0,-5.331463165E0
1.428822042E0,-1.170565796E-1,8.318351898E0,-5.264851685E0
1.438797042E0,2.782713318E-1,8.239016876E0,-5.395829315E0
1.448773042E0,2.157014465E-1,8.209378510E0,-5.430108032E0
1.458748042E0,1.567240906E-1,8.150550842E0,-5.425916748E0
1.468723042E0,4.827461243E-1,8.095166016E0,-5.609435120E0
1.478698042E0,7.125183105E-2,8.353379059E0,-5.132826233E0
1.488673042E0,9.580078125E-3,8.559500427E0,-5.087620239E0
1.498648042E0,-3.519181824E-1,8.433612213E0,-5.219945068E0
1.508623042E0,4.300556946E-1,8.065976715E0,-5.468128967E0
1.518598042E0,3.936813354E-2,8.034691772E0,-5.724545746E0
1.528573042E0,1.095721436E-1,8.210725708E0,-5.483846283E0
1.538549042E0,2.888992310E-1,8.319699097E0,-5.219496002E0
1.548524042E0,1.694476318E-1,8.340805206E0,-5.276527405E0
1.558499042E0,-2.125579834E-2,8.296048279E0,-5.401367798E0
1.568474042E0,-1.242416382E-2,8.247549133E0,-5.467979279E0
1.578449042E0,-1.136137390E-1,8.188272400E0,-5.515580292E0
1.588424042E0,-1.044827271E-1,8.129744110E0,-5.504653015E0
1.598399042E0,1.420545959E-1,8.157885590E0,-5.439538422E0
1.608374042E0,3.508703613E-1,8.150850220E0,-5.448220367E0
1.618350042E0,4.228706360E-1,8.175099792E0,-5.428461456E0
1.628325042E0,1.543290710E-1,8.246651001E0,-5.372178497E0
1.638300042E0,4.430786133E-2,8.307574310E0,-5.284011841E0
1.648275042E0,-1.044827271E-1,8.381819916E0,-5.280119934E0
1.658250042E0,8.277786255E-2,8.218958588E0,-5.512736206E0
1.668225042E0,4.553530884E-1,8.077203369E0,-5.569617920E0
1.678200042E0,6.406677246E-1,8.117469635E0,-5.461392975E0
1.688175042E0,2.125579834E-1,8.257428589E0,-5.379962311E0
1.698151042E0,-3.315605164E-1,8.435707855E0,-5.232369232E0
1.708126042E0,1.336720276E-1,8.361911316E0,-5.242997131E0
1.718101042E0,4.806504822E-1,8.153694305E0,-5.401218109E0
1.728076042E0,-2.574645996E-2,8.121062164E0,-5.567222900E0
1.738051042E0,-8.936416626E-2,8.214168549E0,-5.526357880E0
1.748026042E0,2.405497742E-1,8.291108551E0,-5.341941376E0
1.758001042E0,3.008743286E-2,8.302933960E0,-5.297932892E0
1.767976042E0,9.924362183E-2,8.253985748E0,-5.401218109E0
1.777951042E0,1.432521057E-1,8.192613373E0,-5.490282898E0
1.787927042E0,6.735992432E-2,8.208929443E0,-5.457501068E0
1.797902042E0,1.209484863E-1,8.296048279E0,-5.341043243E0
1.807877042E0,1.480421448E-1,8.335117035E0,-5.264701996E0
1.817852042E0,1.184037781E-1,8.279582520E0,-5.326822815E0
1.827827042E0,1.059796143E-1,8.173153839E0,-5.482499084E0
1.837802042E0,1.218466187E-1,8.153095551E0,-5.540129242E0
1.847777042E0,1.032852173E-1,8.225245514E0,-5.439388733E0
1.857752042E0,1.035845947E-1,8.266110535E0,-5.391787720E0
1.867728042E0,9.205856323E-2,8.279881897E0,-5.366490326E0
1.877703042E0,1.175056458E-1,8.262967072E0,-5.392236786E0
1.887678042E0,1.110690308E-1,8.221054230E0,-5.430407410E0
1.897653042E0,1.341210938E-1,8.190966797E0,-5.466482391E0
1.907628042E0,1.121168518E-1,8.240962830E0,-5.394332428E0
1.917603042E0,1.264869690E-1,8.293503571E0,-5.346581726E0
1.927578042E0,1.339714050E-1,8.279133453E0,-5.325924683E0
1.937553042E0,1.547781372E-1,8.233927460E0,-5.391188965E0
1.947529042E0,1.161584473E-1,8.189020844E0,-5.475912781E0
1.957504042E0,1.308279419E-1,8.210126953E0,-5.437742157E0
1.967479042E0,1.028361511E-1,8.265811157E0,-5.372777252E0
1.977454042E0,1.125659180E-1,8.292755127E0,-5.348677368E0
1.987429042E0,1.133143616E-1,8.258476410E0,-5.398523712E0
1.997404042E0,1.070274353E-1,8.208031311E0,-5.462889862E0
2.007379042E0,1.194515991E-1,8.201445007E0,-5.456602936E0
2.017354042E0,1.321751404E-1,8.243657227E0,-5.389392700E0
2.027329042E0,1.296304321E-1,8.284222870E0,-5.346581726E0
2.037305042E0,1.182540894E-1,8.263266449E0,-5.367837524E0
2.047280042E0,1.231938171E-1,8.232430573E0,-5.434748383E0
2.057255042E0,9.909393311E-2,8.202043762E0,-5.455106049E0
2.067230042E0,1.193019104E-1,8.233179016E0,-5.408103790E0
2.077205042E0,1.133143616E-1,8.258626099E0,-5.373525696E0
2.087180042E0,9.639953613E-2,8.271649017E0,-5.371430054E0
2.097155042E0,1.022373962E-1,8.240663452E0,-5.415288849E0
2.107130042E0,1.085243225E-1,8.210875397E0,-5.428012390E0
2.117106042E0,1.258882141E-1,8.229436798E0,-5.410199432E0
2.127081042E0,1.219963074E-1,8.245603180E0,-5.385351105E0
2.137056042E0,1.284329224E-1,8.249495087E0,-5.381159821E0
2.147031042E0,1.375639343E-1,8.234077148E0,-5.393134918E0
2.157006042E0,1.371148682E-1,8.219257965E0,-5.418582001E0
2.166981042E0,1.204994202E-1,8.229287109E0,-5.434898071E0
2.176956042E0,1.043330383E-1,8.245453491E0,-5.391488342E0
2.186931042E0,1.204994202E-1,8.251890106E0,-5.362299042E0
2.196907042E0,1.155596924E-1,8.242459717E0,-5.399421844E0
2.206882042E0,1.125659180E-1,8.236472168E0,-5.431305542E0
2.216857042E0,1.142124939E-1,8.233328705E0,-5.432203674E0
2.226832042E0,1.279838562E-1,8.246651001E0,-5.401367798E0
2.236807042E0,1.109193420E-1,8.256530457E0,-5.375321960E0
2.246782042E0,1.196012878E-1,8.270750885E0,-5.356910248E0
2.256757042E0,1.131646729E-1,8.269104309E0,-5.356610870E0
2.266732042E0,1.184037781E-1,8.227490845E0,-5.409600677E0
2.276707042E0,1.106199646E-1,8.198301544E0,-5.461842041E0
2.286683042E0,1.130149841E-1,8.216114502E0,-5.438191223E0
2.296658042E0,1.098715210E-1,8.263116760E0,-5.368436279E0
2.306633042E0,1.233435059E-1,8.265212402E0,-5.363496552E0
2.316608042E0,1.029858398E-1,8.229436798E0,-5.426814880E0
2.326583042E0,1.077758789E-1,8.216114502E0,-5.449567566E0
2.336558042E0,1.076261902E-1,8.224946136E0,-5.421426086E0
2.346533042E0,1.052311707E-1,8.242310028E0,-5.398823090E0
2.356508042E0,1.227447510E-1,8.250692596E0,-5.382806396E0
2.366484042E0,1.124162292E-1,8.237969055E0,-5.398523712E0
2.376459042E0,1.251397705E-1,8.238418121E0,-5.420527954E0
2.386434042E0,1.121168518E-1,8.240962830E0,-5.405409393E0
2.396408333E0,1.306782532E-1,8.250692596E0,-5.388195190E0
2.406383333E0,1.240919495E-1,8.258775787E0,-5.373076630E0
2.416358333E0,1.086740112E-1,8.241112518E0,-5.393434296E0
2.426333333E0,1.160087585E-1,8.227640533E0,-5.427413635E0
2.436308333E0,1.260379028E-1,8.223898315E0,-5.436544647E0
2.446284333E0,1.119671631E-1,8.241411896E0,-5.405708771E0
2.456259333E0,1.100212097E-1,8.264763336E0,-5.380112000E0
2.466234333E0,1.231938171E-1,8.251291351E0,-5.398224335E0
2.476209333E0,9.714797974E-2,8.226742401E0,-5.426365814E0
2.486184333E0,1.130149841E-1,8.214916992E0,-5.434299316E0
2.496159333E0,1.053808594E-1,8.239016876E0,-5.404511261E0
2.506134333E0,1.146615601E-1,8.259823608E0,-5.380411377E0
2.516109333E0,1.131646729E-1,8.246651001E0,-5.396128693E0
2.526084333E0,1.169068909E-1,8.224347382E0,-5.426515503E0
2.536060333E0,1.125659180E-1,8.224197693E0,-5.417384491E0
2.546035333E0,1.115180969E-1,8.253836060E0,-5.388494568E0
2.556010333E0,1.154100037E-1,8.255931702E0,-5.373376007E0
2.565985333E0,1.163081360E-1,8.237070923E0,-5.402565308E0
2.575960333E0,1.206491089E-1,8.221353607E0,-5.431155853E0
2.585935333E0,1.118174744E-1,8.228838043E0,-5.428012390E0
2.595910333E0,1.097218323E-1,8.243806915E0,-5.400769043E0
2.605885333E0,1.139131165E-1,8.256081390E0,-5.385201416E0
2.615861333E0,1.199006653E-1,8.247698822E0,-5.397625580E0
2.625836333E0,1.122665405E-1,8.228538666E0,-5.413492584E0
2.635811333E0,1.169068909E-1,8.238717499E0,-5.413642273E0
2.645786333E0,1.216969299E-1,8.245303802E0,-5.393883362E0
2.655761333E0,1.257385254E-1,8.255332947E0,-5.393434296E0
2.665736333E0,1.200503540E-1,8.252788239E0,-5.398673401E0
2.675711333E0,1.103205872E-1,8.247698822E0,-5.402415619E0
2.685686333E0,1.104702759E-1,8.251141663E0,-5.396577759E0
2.695662333E0,1.173559570E-1,8.246950378E0,-5.406307526E0
2.705637333E0,1.166075134E-1,8.235424347E0,-5.408103790E0
2.715612333E0,1.115180969E-1,8.224347382E0,-5.429808655E0
2.725587333E0,1.169068909E-1,8.228838043E0,-5.427713013E0
2.735562333E0,1.110690308E-1,8.242310028E0,-5.404511261E0
2.745537333E0,1.095721436E-1,8.252488861E0,-5.391039276E0
2.755512333E0,1.210981750E-1,8.244255981E0,-5.408253479E0
2.765487333E0,1.251397705E-1,8.224946136E0,-5.415438538E0
2.775462333E0,1.131646729E-1,8.230185242E0,-5.419330444E0
2.785438333E0,1.145118713E-1,8.241711273E0,-5.403014374E0
2.795413333E0,1.224453735E-1,8.250393219E0,-5.402714996E0
2.805388333E0,1.131646729E-1,8.242609406E0,-5.400619354E0
2.815363333E0,1.113684082E-1,8.236771545E0,-5.423521729E0
2.825338333E0,1.200503540E-1,8.232729950E0,-5.437442780E0
2.835313333E0,1.438508606E-1,8.234975281E0,-5.449717255E0
2.845288333E0,2.273771667E-1,8.210276642E0,-5.540129242E0
2.855263333E0,4.228706360E-1,8.164471893E0,-6.071524200E0
2.865239333E0,7.785310364E-1,8.576115875E0,-1.231444199E1
2.875214333E0,-7.849676514E-1,5.431155853E0,-6.086493073E0
2.885189333E0,-1.305884399E0,1.475481720E1,-2.765798492E0
2.895164333E0,-6.204597473E-1,8.428223419E0,-6.414910126E0
2.905139333E0,1.146615601E0,5.122198334E0,-8.305328979E0
2.915114333E0,8.460406494E-1,7.401658173E0,-5.334157562E0
2.925089333E0,2.112107849E-1,8.135132904E0,-6.664890289E0
2.935064333E0,1.836680603E-1,8.444389801E0,-5.617368622E0
2.945040333E0,-1.309776306E-1,7.947423248E0,-5.323529663E0
2.955015333E0,2.592608643E-1,7.825726318E0,-5.822891235E0
2.964990333E0,-7.484436035E-3,7.919730835E0,-5.748196564E0
2.974965333E0,-5.837860107E-1,8.051157532E0,-5.969885559E0
2.984940333E0,-4.083508301E-1,7.206164703E0,-5.996679840E0
2.994915333E0,1.849104767E0,6.486461334E0,-8.054001617E0
3.004890333E0,2.417323151E0,8.030201111E0,-5.545967102E0
3.014865333E0,1.176553345E-1,1.046848068E1,-2.180216217E0
3.024840333E0,-2.659669189E0,1.135299133E1,-1.888323212E0
3.034816333E0,-3.667373657E-2,1.031714539E1,-2.943778381E0
3.044791333E0,-3.026705933E-1,7.725883942E0,-5.813460846E0
3.054766333E0,9.455836487E-1,6.058052216E0,-7.919581146E0
3.064741333E0,5.815406799E-1,6.238277435E0,-8.174650726E0
3.074716333E0,-4.200265503E-1,7.066954193E0,-6.777156830E0
3.084691333E0,2.875520325E-1,8.655301208E0,-4.785997467E0
3.094666333E0,-5.927673340E-2,1.001237915E1,-3.348087616E0
3.104641333E0,-1.377136230E-2,1.003228775E1,-3.161126404E0
3.114617333E0,-5.867797852E-2,8.949140167E0,-4.548740845E0
3.124592333E0,3.499722290E-1,7.536228333E0,-6.046226807E0
3.134567333E0,2.758763123E-1,6.787036285E0,-7.182962952E0
3.144542333E0,1.688488770E-1,7.065906372E0,-6.836732941E0
3.154517333E0,5.463638306E-2,8.102650452E0,-5.676795044E0
3.164492333E0,-6.017486572E-2,9.133107605E0,-4.287833405E0
3.174467333E0,4.296066284E-2,9.525142365E0,-3.856879578E0
3.184442333E0,1.091230774E-1,9.019044800E0,-4.355792084E0
3.194418333E0,1.953437805E-1,8.052205353E0,-5.475164337E0
3.204393333E0,1.782792664E-1,7.418273621E0,-6.514902191E0
3.214368333E0,8.517288208E-2,7.411986694E0,-6.493796082E0
3.224343333E0,1.276844788E-1,7.948770447E0,-5.716761932E0
3.234318333E0,1.413061523E-1,8.650211792E0,-4.819677429E0
3.244293333E0,6.481521606E-2,9.009614410E0,-4.438869324E0
3.254268333E0,8.038284302E-2,8.813522186E0,-4.674329681E0
3.264243333E0,1.766326904E-1,8.281827850E0,-5.304369507E0
3.274219333E0,1.282832336E-1,7.823630676E0,-5.858367462E0
3.284194333E0,8.023315430E-2,7.748037872E0,-6.044580231E0
3.294169333E0,9.654922485E-2,8.046816559E0,-5.752537537E0
3.304144333E0,8.936416626E-2,8.417595520E0,-5.146896973E0
3.314119333E0,9.460327148E-2,8.638236694E0,-4.822671204E0
3.324094333E0,9.939331055E-2,8.601712646E0,-4.957840118E0
3.334069333E0,8.008346558E-2,8.337362366E0,-5.324727173E0
3.344044333E0,1.368154907E-1,8.053702240E0,-5.577551422E0
3.354019333E0,1.532812500E-1,7.976013794E0,-5.675896912E0
3.363995333E0,1.216969299E-1,8.091723175E0,-5.573958893E0
3.373970333E0,1.067280579E-1,8.287366333E0,-5.339097290E0
3.383945333E0,1.031355286E-1,8.444389801E0,-5.139412537E0
3.393920042E0,5.972579956E-2,8.480614471E0,-5.092709656E0
3.403895042E0,7.858657837E-2,8.381221161E0,-5.242847443E0
3.413870042E0,1.056802368E-1,8.206085358E0,-5.457201691E0
3.423845042E0,1.450483704E-1,8.005352783E0,-5.485043793E0
3.433820042E0,2.935395813E-1,7.889044647E0,-5.431305542E0
3.443796042E0,2.095642090E-1,8.023465118E0,-5.475613403E0
3.453771042E0,2.191442871E-1,8.110284576E0,-5.164560242E0
3.463746042E0,2.857557678E-1,8.343349915E0,-5.197192383E0
3.473721042E0,-1.911524963E-1,9.453291779E0,-6.255791016E0
3.483696042E0,-4.746629333E-1,8.911119232E0,-4.486320648E0
3.493671042E0,-1.004411316E-1,8.058941345E0,-3.754043427E0
3.503646042E0,5.858816528E-1,7.974965973E0,-6.220614166E0
3.513621042E0,-9.056167603E-2,7.669750671E0,-7.107519836E0
3.523597042E0,-2.191442871E-1,7.517367554E0,-6.026767273E0
3.533572042E0,1.847158813E-1,8.162825317E0,-5.286556549E0
3.543547042E0,1.755848694E-1,8.801696777E0,-4.806055756E0
3.553522042E0,-2.993774414E-3,8.976233826E0,-4.407135315E0
3.563497042E0,2.890489197E-1,8.673862610E0,-4.524640961E0
3.573472042E0,6.188131714E-1,8.194409637E0,-5.282814331E0
3.583447042E0,3.484753418E-1,7.741750946E0,-5.850733337E0
3.593422042E0,-1.212478638E-2,7.716752930E0,-5.959856415E0
3.603397042E0,-1.237925720E-1,8.225395203E0,-5.752687225E0
3.613373042E0,-2.604583740E-2,8.706494751E0,-5.131928101E0
3.623348042E0,3.697311401E-2,8.759933624E0,-4.598736877E0
3.633323042E0,1.742376709E-1,8.485703888E0,-4.944368134E0
3.643298042E0,3.682342529E-2,8.057743835E0,-5.721252594E0
3.653273042E0,3.068618774E-2,7.753276978E0,-6.067781982E0
3.663248042E0,1.682501221E-1,7.851323090E0,-5.897436218E0
3.673223042E0,1.366658020E-1,8.231083374E0,-5.286406860E0
3.683198042E0,1.700463867E-1,8.617579651E0,-4.831652527E0
3.693174042E0,2.451901245E-1,8.725205841E0,-4.726571045E0
3.703149042E0,7.409591675E-2,8.482859802E0,-4.977748718E0
3.713124042E0,6.810836792E-2,8.171357574E0,-5.569019165E0
3.723099042E0,2.679428101E-2,7.954308929E0,-5.887856140E0
3.733074042E0,3.023712158E-2,7.995173950E0,-5.791606293E0
3.743049042E0,4.056564331E-2,8.225694580E0,-5.497917023E0
3.753024042E0,8.756790161E-2,8.393944702E0,-5.117408295E0
3.762999042E0,1.227447510E-1,8.449030151E0,-5.054239655E0
3.772975042E0,6.496490479E-2,8.405321045E0,-5.286706238E0
3.782950042E0,4.445755005E-2,8.293204193E0,-5.410947876E0
3.792925042E0,1.733395386E-1,8.194709015E0,-5.388494568E0
3.802900042E0,2.510279846E-1,8.167166290E0,-5.335355072E0
3.812875042E0,1.673519897E-1,8.191715240E0,-5.331912231E0
3.822850042E0,9.205856323E-2,8.263565826E0,-5.369334412E0
3.832825042E0,2.215393066E-2,8.350385284E0,-5.387746124E0
3.842800042E0,3.278182983E-2,8.376730499E0,-5.292993164E0
3.852775042E0,1.161584473E-1,8.298443298E0,-5.263504486E0
3.862751042E0,1.032852173E-1,8.214916992E0,-5.400170288E0
3.872726042E0,6.511459351E-2,8.167914734E0,-5.544769592E0
3.882701042E0,1.020877075E-1,8.177195435E0,-5.502407684E0
3.892676042E0,1.067280579E-1,8.262518005E0,-5.369184723E0
3.902651042E0,7.858657837E-2,8.379125519E0,-5.239254913E0
3.912626042E0,1.356179810E-1,8.408913574E0,-5.151836700E0
3.922601042E0,1.652563477E-1,8.349487152E0,-5.181924133E0
3.932576042E0,1.199006653E-1,8.228239288E0,-5.345533905E0
3.942552042E0,1.049317932E-1,8.147557068E0,-5.553750916E0
3.952527042E0,6.212081909E-2,8.161178741E0,-5.565127258E0
3.962502042E0,7.065307617E-2,8.251590729E0,-5.404062195E0
3.972477042E0,1.130149841E-1,8.347391510E0,-5.245092773E0
3.982452042E0,9.205856323E-2,8.383316803E0,-5.213358765E0
3.992427042E0,9.250762939E-2,8.334817657E0,-5.287304993E0
4.002402042E0,1.137634277E-1,8.246201935E0,-5.411546631E0
4.012377042E0,9.056167603E-2,8.189170532E0,-5.456303558E0
4.022353042E0,1.070274353E-1,8.196205902E0,-5.419929199E0
4.032328042E0,1.356179810E-1,8.262667694E0,-5.345833282E0
4.042303042E0,1.154100037E-1,8.330626373E0,-5.284311218E0
4.052278042E0,9.699829102E-2,8.330326996E0,-5.270090790E0
4.062253042E0,1.073268127E-1,8.286917267E0,-5.325475616E0
4.072228042E0,7.544311523E-2,8.245004425E0,-5.404062195E0
4.082203042E0,6.167175293E-2,8.231233063E0,-5.456752625E0
4.092178042E0,9.654922485E-2,8.246052246E0,-5.407355347E0
4.102154042E0,1.065783691E-1,8.262817383E0,-5.335953827E0
4.112129042E0,1.028361511E-1,8.265511780E0,-5.323679352E0
4.122104042E0,8.562194824E-2,8.282127228E0,-5.373974762E0
4.132079042E0,8.577163696E-2,8.294701080E0,-5.372926941E0
4.142054042E0,1.163081360E-1,8.277037811E0,-5.317691803E0
4.152029042E0,1.520837402E-1,8.263266449E0,-5.314248962E0
4.162004042E0,1.240919495E-1,8.255183258E0,-5.339246979E0
4.171979042E0,1.014889526E-1,8.256680145E0,-5.381459198E0
4.181955042E0,8.681945801E-2,8.266709290E0,-5.376220093E0
4.191930042E0,8.607101440E-2,8.284821625E0,-5.347629547E0
4.201905042E0,8.831634521E-2,8.297694855E0,-5.323679352E0
4.211880042E0,1.065783691E-1,8.286767578E0,-5.324128418E0
4.221855042E0,1.190025330E-1,8.253386993E0,-5.358856201E0
4.231830042E0,9.924362183E-2,8.246201935E0,-5.406307526E0
4.241805042E0,9.265731812E-2,8.249195709E0,-5.405110016E0
4.251780042E0,9.550140381E-2,8.290958862E0,-5.353467407E0
4.261756042E0,1.095721436E-1,8.313412170E0,-5.290448456E0
4.271731042E0,1.163081360E-1,8.291707306E0,-5.292244720E0
4.281706042E0,1.161584473E-1,8.268505554E0,-5.342689819E0
4.291681042E0,1.011895752E-1,8.234825592E0,-5.408253479E0
4.301656042E0,1.010398865E-1,8.226592712E0,-5.411546631E0
4.311631042E0,1.154100037E-1,8.251291351E0,-5.360951843E0
4.321606042E0,1.064286804E-1,8.291557617E0,-5.317542114E0
4.331581042E0,1.085243225E-1,8.307873688E0,-5.302872620E0
4.341556042E0,9.624984741E-2,8.299341431E0,-5.319188690E0
4.351532042E0,8.951385498E-2,8.271499329E0,-5.350323944E0
4.361507042E0,9.714797974E-2,8.256380768E0,-5.385800171E0
4.371482042E0,1.011895752E-1,8.237969055E0,-5.389093323E0
4.381457042E0,1.113684082E-1,8.257877655E0,-5.377716980E0
4.391433042E0,1.004411316E-1,8.271050262E0,-5.353766785E0
4.401408042E0,1.053808594E-1,8.275540924E0,-5.326673126E0
4.411383042E0,1.137634277E-1,8.275989990E0,-5.341791687E0
4.421358042E0,1.056802368E-1,8.267308044E0,-5.355563049E0
4.431334042E0,1.103205872E-1,8.261170807E0,-5.347629547E0
4.441309042E0,1.245410156E-1,8.257877655E0,-5.346881104E0
4.451284042E0,1.091230774E-1,8.282725983E0,-5.364993439E0
4.461259042E0,9.789642334E-2,8.298443298E0,-5.343587952E0