"Time (s)","X (rad/s)","Y (rad/s)","Z (rad/s)"
1.623008333E-2,1.506419358E-4,-2.277554013E-3,1.906097401E-3
2.628508335E-2,-1.492300071E-4,-2.623398323E-4,3.250460606E-3
3.634108335E-2,1.063334988E-3,7.344046608E-4,-1.794182230E-3
4.639608334E-2,-7.316356059E-4,1.404189621E-3,1.965401694E-3
5.645108334E-2,1.348140184E-3,3.674699983E-4,2.139542717E-3
6.650708333E-2,-1.687597134E-3,2.566824842E-4,-6.389333867E-4
7.656208336E-2,1.631162828E-3,6.734655472E-4,-3.520399332E-5
8.661808335E-2,-1.825087704E-3,7.027602987E-4,-2.806755481E-3
9.667308335E-2,1.334733242E-4,3.229139256E-4,-6.671454757E-4
1.067290833E-1,3.289493325E-4,4.408093810E-5,8.804174140E-4
1.167840833E-1,-1.441703178E-3,-5.923046847E-4,2.732070629E-3
1.268400833E-1,2.408820146E-4,-8.335870225E-4,5.714478903E-4
1.368950834E-1,-1.558718155E-3,5.013680784E-4,-7.194373757E-5
1.469510834E-1,-1.214105170E-3,-3.499252489E-5,-9.164321236E-4
1.570060833E-1,2.382755629E-4,-2.298745792E-3,-1.965500414E-4
1.670620833E-1,1.929649152E-3,2.147455089E-4,-3.097346053E-4
1.771170833E-1,-5.455773789E-4,1.543081249E-3,-1.018652227E-3
1.871730833E-1,1.885356032E-3,2.445239516E-4,1.990986522E-3
1.972280834E-1,8.592638187E-5,-3.471281962E-4,2.917980775E-3
2.072840834E-1,8.816788904E-4,5.024201237E-4,4.070159048E-5
2.173390833E-1,-8.765334496E-4,2.803500101E-4,-2.389173023E-4
2.273940833E-1,-2.898390521E-4,2.465740079E-3,-1.586743165E-3
2.374500833E-1,1.754326047E-3,4.877411993E-4,2.376278862E-3
2.475050834E-1,1.439125772E-4,4.709632776E-4,1.162942499E-3
2.575610834E-1,-4.782865290E-4,-1.914888155E-3,-1.575956587E-3
2.676160834E-1,-7.102477830E-4,-5.388327409E-4,3.830650821E-4
2.776720833E-1,8.383653476E-4,7.848322275E-4,4.367595538E-4
2.877270833E-1,2.767825499E-3,-1.023187884E-3,-1.322524622E-3
2.977830833E-1,-7.162848487E-5,3.946179058E-4,3.017392009E-4
3.078380834E-1,-6.298270309E-4,1.643374097E-3,-2.751841675E-3
3.178940834E-1,1.345901517E-3,1.271947520E-3,1.043228433E-3
3.279490834E-1,1.516610151E-3,1.638931106E-3,1.793974079E-3
3.380050834E-1,2.650491893E-3,9.487984062E-5,-1.393171493E-3
3.480600833E-1,2.721864497E-3,7.372343098E-4,-1.349762082E-3
3.581160833E-1,-2.727699000E-3,8.304268704E-6,-2.027787268E-4
3.681710833E-1,-1.171347452E-3,1.452270197E-3,7.668784820E-4
3.782270833E-1,2.997357806E-4,-1.304623671E-3,-1.430947334E-3
3.882820834E-1,1.609850879E-4,3.832878137E-4,6.111646071E-4
3.983370833E-1,1.183984801E-3,-1.313222165E-4,1.069650985E-3
4.083930833E-1,-1.109529519E-3,9.368717438E-4,-1.638250891E-3
4.184480833E-1,-1.169337542E-3,3.167111136E-4,-5.454337224E-5
4.285040833E-1,-5.988883786E-4,4.221723066E-4,-1.426071394E-3
4.385590834E-1,-1.079794136E-3,-4.518953210E-4,-2.191979438E-3
4.486150834E-1,-2.123487182E-3,1.611521817E-3,7.878313772E-4
4.586700833E-1,-9.736982756E-4,3.798266989E-4,2.270100638E-3
4.687260833E-1,-8.543886361E-4,7.438808098E-4,4.114872776E-3
4.787805833E-1,-2.876440529E-3,-1.001166762E-3,4.906069022E-3
4.888365834E-1,9.348092135E-4,-1.606731385E-4,-1.625333447E-3
4.988915834E-1,1.407238655E-3,1.340254385E-4,-3.183296649E-3
5.089475834E-1,-2.291359473E-3,-7.602639962E-4,-4.967880901E-3
5.190025833E-1,-8.726635133E-5,4.411789996E-4,-3.756049788E-3
5.290585833E-1,-1.455895836E-4,6.540697359E-5,-2.654300071E-3
5.391135833E-1,-1.348722959E-3,-1.379829831E-3,1.470902003E-3
5.491685834E-1,1.402855152E-3,6.600026973E-5,4.175874405E-3
5.592245834E-1,-1.227553817E-3,1.366846613E-3,5.766252987E-3
5.692795833E-1,1.093530736E-4,2.126326581E-4,2.662604675E-3
5.793355833E-1,-1.652279636E-3,-1.188070397E-3,1.110964920E-3
5.893905833E-1,8.409718284E-4,-7.867320674E-4,-2.175908536E-3
5.994465833E-1,-5.482067936E-4,6.354718935E-4,-4.014270846E-3
6.095015834E-1,-2.286185743E-3,-1.696017280E-4,-2.803065116E-3
6.195575834E-1,3.713323094E-4,-7.172716432E-4,-2.817538567E-3
6.296125833E-1,-4.659655388E-4,4.214960209E-4,5.761277862E-4
6.396685833E-1,4.465435923E-4,1.313647372E-3,2.857558895E-3
6.497235833E-1,1.403417438E-3,-2.227301884E-4,5.106332246E-3
6.597795833E-1,-1.634232118E-3,-9.332195623E-5,2.828264143E-3
6.698345834E-1,-7.162404945E-4,2.256385051E-3,-1.562223304E-3
6.798905834E-1,-2.469960134E-3,-1.267202431E-3,-1.746146008E-3
6.899455833E-1,-1.566349645E-3,1.803155872E-3,-2.374119125E-3
7.000015833E-1,-2.765174722E-3,2.182111930E-4,5.224100314E-4
7.100565833E-1,-6.149384426E-4,1.264833496E-3,3.786113579E-3
7.201115834E-1,1.882008975E-3,-3.068074002E-4,5.151689518E-3
7.301675834E-1,2.780293114E-3,-2.982218983E-3,2.905579749E-3
7.402225834E-1,-2.129020402E-3,2.057461097E-4,-6.849868223E-4
7.502785833E-1,7.629062166E-4,1.816425822E-3,-7.057664916E-3
7.603335833E-1,1.813370734E-3,1.741331769E-3,-6.098738406E-3
7.703895833E-1,-1.129954820E-3,3.234647738E-4,-4.402038641E-3
7.804445834E-1,-5.946040037E-4,-1.072575804E-3,-2.307651099E-3
7.905005834E-1,-5.344967940E-5,-1.368719270E-3,-1.773885451E-4
8.005555834E-1,2.558943583E-3,6.171491696E-4,3.126349766E-3
8.106115834E-1,7.746256888E-4,-8.017830551E-4,4.968191963E-3
8.206665833E-1,-1.946970820E-3,1.130142366E-3,4.849705379E-3
8.307225833E-1,8.232493419E-4,1.572759706E-3,8.096895181E-4
8.407775833E-1,-5.046010483E-4,-2.164753620E-3,-6.871144753E-3
8.508335834E-1,2.530682832E-4,-4.215387627E-3,-4.897742532E-3
8.608885834E-1,-5.352067528E-4,-1.306547900E-3,-6.857667118E-3
8.709445834E-1,-1.242808648E-3,1.757152611E-3,-5.053375848E-3
8.809995833E-1,3.048514191E-4,-2.179504372E-5,1.803399064E-3
8.910555833E-1,-5.233916454E-4,8.895386709E-4,2.635104582E-3
9.011105833E-1,2.980795689E-3,2.543161158E-3,5.915400106E-3
9.111655834E-1,3.919366573E-4,1.693080179E-3,2.175523434E-3
9.212215834E-1,5.597964628E-4,-1.419632463E-3,-2.949591726E-5
9.312765833E-1,1.164600253E-3,-3.691922757E-5,-5.581121426E-3
9.413325833E-1,1.709740725E-3,-4.708574270E-4,-2.653314266E-3
9.513875833E-1,-1.115340507E-3,1.062590745E-3,-6.376945879E-3
9.614435833E-1,5.951519124E-4,6.165503291E-4,-9.845863096E-4
9.714985834E-1,8.068731986E-4,-2.220790921E-4,6.042555906E-4
9.815545834E-1,-8.837591158E-4,1.668530283E-3,2.555033192E-3
9.916095833E-1,-1.171646756E-3,3.926097706E-4,5.872799084E-3
1.001665583E0,-5.036570947E-4,1.298970892E-3,4.562161397E-3
1.011720583E0,-6.120477919E-4,7.623439888E-4,5.537145305E-3
1.021776583E0,3.271848429E-3,2.035639249E-3,2.272100188E-3
1.031831583E0,2.672370756E-3,-2.245924668E-3,-5.241209641E-3
1.041887583E0,-1.881644712E-3,1.567883999E-3,-6.641326007E-3
1.051942583E0,-2.219626622E-4,-1.891562133E-3,-6.801648065E-3
1.061997583E0,3.693272127E-3,4.165371938E-4,-2.007051371E-3
1.072053583E0,-2.571814461E-3,-1.516917720E-3,4.717430100E-3
1.082108583E0,-2.811920596E-3,-2.053766977E-3,6.436147261E-3
1.092164583E0,-2.209313388E-4,-1.393569401E-3,9.226607159E-3
1.102219583E0,6.055599079E-4,1.697879750E-3,7.736194879E-3
1.112275583E0,-2.334303688E-3,4.081107618E-4,9.523243643E-4
1.122330583E0,9.615856688E-4,6.599738263E-4,-3.067797516E-3
1.132386583E0,-2.167362254E-3,-7.079757052E-5,-8.156832308E-3
1.142441583E0,1.934515662E-3,1.053152373E-4,-8.459442295E-3
1.152497583E0,-1.107346965E-3,-5.018854863E-4,-5.074298475E-3
1.162552583E0,3.978471272E-3,2.425028477E-3,-7.420619950E-4
1.172608583E0,-1.745194313E-3,-2.191294916E-3,3.456944134E-3
1.182663583E0,-2.763353754E-3,2.707516542E-3,8.322191425E-3
1.192719583E0,1.491845236E-3,-3.500681487E-5,7.308060303E-3
1.202774583E0,-4.006160598E-4,1.386147342E-3,2.935775556E-3
1.212830583E0,-2.175612841E-3,1.663382398E-3,-2.868584124E-3
1.222885583E0,-7.759226719E-5,-2.735853195E-5,-8.739983663E-3
1.232940583E0,-5.817286437E-4,-5.940792034E-4,-7.473917212E-3
1.242996583E0,7.460033521E-4,-2.013169229E-3,-7.057936862E-3
1.253051583E0,1.716192928E-3,-1.781207626E-3,-2.770513995E-3
1.263107583E0,2.003415022E-3,4.965302069E-4,3.379897214E-3
1.273162583E0,5.597154377E-4,-1.879021584E-4,5.073933862E-3
1.283218583E0,1.883327030E-3,2.783178817E-3,4.509957973E-3
1.293273583E0,-1.032035565E-3,1.596740563E-3,5.344059784E-3
1.303329583E0,-1.572167268E-3,2.303039655E-4,2.104848623E-3
1.313384583E0,1.580216456E-3,4.955548211E-4,-1.550606452E-3
1.323440583E0,1.903671073E-3,-1.350186998E-3,-1.563907601E-3
1.333495583E0,9.446666809E-4,-9.653602610E-4,1.150652301E-3
1.343551583E0,6.860430585E-4,7.754642284E-4,1.347379293E-3
1.353606583E0,2.724159975E-3,2.586679999E-3,3.701613750E-3
1.363662583E0,2.332162810E-3,1.262867241E-3,3.930460196E-3
1.373717583E0,-3.888715059E-3,3.118557855E-3,6.080429535E-3
1.383773583E0,-7.539021317E-4,-2.475366637E-4,4.379642196E-3
1.393828583E0,2.406471176E-3,-4.821611510E-4,1.416076906E-3
1.403883583E0,-6.222985685E-4,9.328777669E-4,-2.601386048E-3
1.413939583E0,1.084255055E-3,-2.338549122E-3,-4.346288741E-3
1.423994583E0,-3.284642007E-3,1.673543593E-3,-5.324120633E-3
1.434050583E0,8.874661289E-4,-1.311061089E-3,-8.856966160E-4
1.444105583E0,1.416427898E-3,-5.837495555E-4,1.174881589E-3
1.454161583E0,-6.326083094E-4,-1.876448048E-3,3.395691048E-3
1.464216583E0,7.746361080E-4,-6.908724317E-4,5.438610446E-3
1.474272583E0,3.530576942E-4,-2.009669784E-3,5.336345639E-3
1.484328750E0,1.519374084E-3,-4.932382726E-4,1.693587285E-3
1.494384750E0,-4.558925284E-4,3.802785650E-4,-2.865478164E-3
1.504439750E0,-1.985582290E-3,-1.248829183E-3,-3.799993778E-3
1.514495750E0,-1.155474922E-3,-1.178788021E-3,-1.911279745E-3
1.524550750E0,2.780490555E-3,2.139578806E-3,-5.058944691E-3
1.534606750E0,3.359751136E-4,-1.119331340E-3,-2.839199966E-3
1.544661750E0,1.936565619E-3,7.043530932E-4,1.286823768E-3
1.554717750E0,9.213687154E-4,1.118474640E-3,4.513901658E-4
1.564772750E0,1.897715265E-6,7.549925940E-4,7.242774591E-4
1.574827750E0,-1.209041569E-3,-1.333991066E-3,2.676641103E-3
1.584883750E0,1.176865073E-3,-1.618438691E-4,1.338494476E-3
1.594938750E0,1.843720558E-3,1.404361217E-3,-2.442221157E-4
1.604994750E0,-1.041249372E-3,-1.902528456E-3,-1.901252661E-3
1.615049750E0,-1.073207241E-3,3.076288849E-4,-2.870110562E-3
1.625105750E0,7.420734037E-4,-1.334302127E-3,-5.502128042E-4
1.635160750E0,-1.028396189E-3,-8.908858872E-4,3.149716184E-3
1.645216750E0,1.152144745E-3,9.111437248E-4,1.860830002E-3
1.655271750E0,8.541370044E-4,2.399584511E-3,3.044605255E-3
1.665327750E0,-1.739635481E-3,2.565336181E-3,1.349784900E-3
1.675382750E0,5.394977634E-4,2.763475524E-3,-7.325410843E-4
1.685438750E0,1.554131508E-3,3.633628075E-4,-4.770260770E-3
1.695493750E0,-1.837670570E-3,-2.731326967E-4,-5.295170005E-3
1.705549750E0,1.310736639E-3,-2.327184658E-3,-2.211394720E-3
1.715604750E0,-1.425395021E-3,-1.097869477E-3,8.858619258E-4
1.725659750E0,-4.483432509E-3,3.364697332E-3,2.876305487E-3
1.735715750E0,-3.692740342E-3,8.076627739E-3,-2.338672429E-2
1.745770750E0,1.663620933E-3,8.022682741E-3,-1.374298781E-1
1.755826750E0,-2.366008004E-3,9.631694411E-5,-2.759350240E-1
1.765881750E0,-5.990538048E-4,2.435477916E-3,-3.646410704E-1
1.775937750E0,-1.939689275E-3,-1.776156714E-4,-4.329738021E-1
1.785992750E0,2.444011625E-3,-1.593147870E-3,-4.134234488E-1
1.796048750E0,-2.453807974E-3,-3.525271313E-3,-2.851373851E-1
1.806103750E0,2.094312338E-3,2.584807226E-4,-2.014814615E-1
1.816159750E0,2.033592435E-3,2.506721299E-3,-1.577089429E-1
1.826214750E0,6.604286609E-4,2.858831547E-3,-9.971568733E-2
1.836270750E0,-2.160391537E-3,3.452450037E-3,-1.277794596E-3
1.846325750E0,-5.068093305E-4,1.974993851E-3,5.581033975E-2
1.856381750E0,2.506823745E-3,7.765713381E-4,8.529792726E-2
1.866436750E0,-1.558162039E-3,6.564870710E-4,8.418028802E-2
1.876491750E0,1.576644951E-3,-3.548910609E-3,4.231699184E-2
1.886547750E0,-1.596753020E-3,-5.699887872E-3,-1.680854522E-2
1.896602750E0,1.442978974E-3,-9.359337389E-3,-8.864864707E-2
1.906658750E0,-1.265139086E-3,-9.845505469E-3,-1.358231753E-1
1.916713750E0,6.065211724E-3,3.834599257E-2,-1.044655070E-1
1.926769750E0,5.739519838E-3,2.803866006E-2,-1.703375727E-1
1.936824750E0,6.093986798E-3,-8.243180811E-3,-1.522246152E-1
1.946880750E0,-1.457746886E-2,-1.766865104E-1,-1.017076299E-1
1.956935750E0,-2.343700826E-2,-2.219141871E-1,9.427409619E-3
1.966991750E0,-2.429680824E-1,-1.322227865E-1,2.289268225E-1
1.977046750E0,-5.745707750E-1,1.386638433E-1,4.699213505E-1
1.987102750E0,-7.184649706E-1,1.687839329E-1,5.092259049E-1
1.997157750E0,-9.538604617E-1,-3.234462738E-1,5.208029747E-1
2.007213750E0,-1.229182124E0,-1.127018213E0,6.081258655E-1
2.017268750E0,-1.456180930E0,-1.851833463E0,5.438635349E-1
2.027324750E0,-1.426427007E0,-1.727709174E0,3.587618172E-1
2.037379750E0,-1.310819745E0,-1.487265944E0,1.702752560E-1
2.047434750E0,-1.271032810E0,-1.775170922E0,1.100764349E-1
2.057490750E0,-1.328183770E0,-2.403082132E0,2.264411151E-1
2.067545750E0,-1.446016669E0,-3.012029409E0,4.875649512E-1
2.077601750E0,-1.598112702E0,-3.502019882E0,7.874398232E-1
2.087656750E0,-1.771023870E0,-3.933399200E0,1.037001610E0
2.097712750E0,-1.936307907E0,-4.192184448E0,1.216331363E0
2.107767750E0,-2.099100590E0,-4.159110069E0,1.366677523E0
2.117823750E0,-2.269450426E0,-3.908410072E0,1.546319246E0
2.127878750E0,-2.415358782E0,-3.649444580E0,1.806314468E0
2.137934750E0,-2.545597076E0,-3.495793819E0,2.060404301E0
2.147989750E0,-2.612891674E0,-3.384090900E0,2.214504719E0
2.158045750E0,-2.611136436E0,-3.221338272E0,2.250636101E0
2.168100750E0,-2.540001392E0,-3.000582457E0,2.203916073E0
2.178156750E0,-2.423879385E0,-2.740436554E0,2.127275229E0
2.188211750E0,-2.269536734E0,-2.467823982E0,2.027022839E0
2.198266750E0,-2.047758579E0,-2.224947929E0,1.936063051E0
2.208322750E0,-1.785333633E0,-2.018680573E0,1.888568282E0
2.218377750E0,-1.510398746E0,-1.860980034E0,1.860102534E0
2.228433750E0,-1.268663049E0,-1.833353996E0,1.807661295E0
2.238488750E0,-1.062822223E0,-1.900891781E0,1.724877000E0
2.248544750E0,-8.931369185E-1,-1.880195618E0,1.618953943E0
2.258599750E0,-7.791605592E-1,-1.676574349E0,1.454469562E0
2.268655750E0,-7.019186020E-1,-1.417780995E0,1.266979933E0
2.278710750E0,-6.935166121E-1,-1.240389466E0,1.122588873E0
2.288766750E0,-6.763430834E-1,-1.120109320E0,9.626059532E-1
2.298821750E0,-6.236540675E-1,-1.047757387E0,8.253327608E-1
2.308877750E0,-5.578210354E-1,-9.444686770E-1,7.225164771E-1
2.318932750E0,-4.614468217E-1,-7.807897329E-1,6.239517927E-1
2.328988750E0,-3.529983759E-1,-6.042399406E-1,5.840923786E-1
2.339043750E0,-3.077600598E-1,-4.122206867E-1,5.457138419E-1
2.349099750E0,-2.832395434E-1,-2.521637082E-1,4.751162827E-1
2.359154750E0,-2.930631340E-1,-9.378791600E-2,4.054903388E-1
2.369209750E0,-3.321118355E-1,1.432109624E-1,3.074184656E-1
2.379265750E0,-3.925677240E-1,3.795492053E-1,2.107560933E-1
2.389320750E0,-4.590770602E-1,5.521950722E-1,1.192005873E-1
2.399376750E0,-4.530780315E-1,6.943599582E-1,4.925879091E-2
2.409431750E0,-3.968285620E-1,8.042243719E-1,2.409001812E-3
2.419487750E0,-2.293929607E-1,1.664600611E0,-9.029749781E-2
2.429542750E0,3.725371324E-3,2.644556999E0,-1.456894726E-1
2.439598750E0,5.742908269E-2,1.175413847E0,-2.376130074E-1
2.449653750E0,1.362525672E-1,5.606124997E-1,-3.652713597E-1
2.459709750E0,1.661524028E-1,6.058484316E-2,-4.760804176E-1
2.469764750E0,1.847939044E-1,-3.380212188E-1,-5.774623752E-1
2.479820750E0,1.678732485E-1,-5.400504470E-1,-6.650270820E-1
2.489875708E0,1.748799533E-1,-6.450732350E-1,-6.762430072E-1
2.499931708E0,2.100560516E-1,-7.368593216E-1,-6.492819786E-1
2.509986708E0,2.648951113E-1,-9.324663877E-1,-5.797699690E-1
2.520042708E0,2.935139835E-1,-1.143348813E0,-5.132690072E-1
2.530097708E0,3.234681785E-1,-1.290817499E0,-4.701505601E-1
2.540152708E0,3.010643125E-1,-1.198346615E0,-3.546777368E-1
2.550208708E0,2.009858489E-1,-7.797785401E-1,-2.001667172E-1
2.560263708E0,5.570935085E-2,-3.410241306E-1,-1.071238592E-1
2.570319708E0,-4.011945426E-2,-5.963465199E-3,-1.209290847E-1
2.580374708E0,-1.536034048E-1,2.306046337E-2,-1.749952585E-1
2.590430708E0,-2.615310848E-1,5.037852004E-2,-2.520910800E-1
2.600485708E0,-2.924700975E-1,-1.629158668E-2,-2.651363015E-1
2.610541708E0,-2.824130058E-1,-2.104467750E-1,-2.511498332E-1
2.620596708E0,-2.745297849E-1,-4.183323383E-1,-2.752495706E-1
2.630652708E0,-2.576108277E-1,-4.468173087E-1,-3.004726171E-1
2.640707708E0,-2.768194079E-1,-2.194376886E-1,-3.135380745E-1
2.650763708E0,-3.046455979E-1,-2.727884986E-2,-3.141767383E-1
2.660818708E0,-2.085198611E-1,6.461004727E-3,-3.183533847E-1
2.670874708E0,1.559419278E-2,1.083105057E-1,-3.606560230E-1
2.680929708E0,2.575005591E-1,1.438314915E-1,-4.514290690E-1
2.690984708E0,3.942630887E-1,1.201917827E-1,-5.545088053E-1
2.701040708E0,-9.581500292E-2,4.893112183E-1,-6.332526207E-1
2.711095708E0,-6.762719750E-1,9.856677055E-1,-6.340071559E-1
2.721151708E0,-7.252922654E-1,8.794227839E-1,-5.848633051E-1
2.731206708E0,-5.168312192E-1,3.387086689E-1,-5.274039507E-1
2.741262708E0,3.496911004E-2,-1.891550794E-2,-2.921216786E-1
2.751317708E0,4.287066162E-1,4.479558393E-2,-1.731891036E-1
2.761373708E0,5.241332650E-1,2.138280123E-1,-2.220112383E-1
2.771428708E0,4.724942446E-1,2.709850669E-1,-2.950249612E-1
2.781484708E0,3.959414363E-1,2.399645746E-1,-3.454860151E-1
2.791539708E0,3.240094483E-1,2.036332041E-1,-3.817385435E-1
2.801595708E0,2.539515197E-1,1.867716610E-1,-4.154365957E-1
2.811650708E0,1.771284342E-1,1.679362655E-1,-4.455126524E-1
2.821706708E0,1.126106903E-1,1.441763341E-1,-4.640421271E-1
2.831761708E0,6.678102165E-2,1.247152388E-1,-4.511369169E-1
2.841816708E0,4.741611332E-2,1.171199009E-1,-4.078498781E-1
2.851872708E0,5.847120285E-2,1.306087673E-1,-3.432594538E-1
2.861927708E0,7.769309729E-2,1.466636360E-1,-2.673385739E-1
2.871983708E0,1.034366786E-1,1.700719744E-1,-2.058961540E-1
2.882038708E0,1.229302213E-1,1.952279210E-1,-1.630757302E-1
2.892094708E0,1.362592280E-1,2.130685449E-1,-1.480379105E-1
2.902149708E0,1.399743408E-1,2.251177579E-1,-1.394257843E-1
2.912205708E0,1.457147449E-1,2.280512750E-1,-1.392806768E-1
2.922260708E0,1.429304034E-1,2.303562462E-1,-1.355586350E-1
2.932316708E0,1.367877573E-1,2.285095751E-1,-1.165557355E-1
2.942371708E0,1.253708005E-1,2.263399065E-1,-7.957214862E-2
2.952427708E0,1.277891546E-1,2.179554552E-1,-2.844540961E-2
2.962482708E0,1.452999711E-1,1.964914352E-1,1.258085296E-2
2.972538708E0,1.516433060E-1,1.564569771E-1,3.574370593E-2
2.982593708E0,1.424631327E-1,1.082313880E-1,4.544134066E-2
2.992648708E0,1.243529320E-1,7.171411067E-2,5.511615053E-2
3.002704708E0,9.874743968E-2,3.762804344E-2,6.594190747E-2
3.012759708E0,7.351212204E-2,9.202795103E-3,7.385814935E-2
3.022815708E0,6.598017365E-2,-9.561304934E-3,6.797389686E-2
3.032870708E0,8.426059783E-2,-1.070473460E-3,5.782893673E-2
3.042926708E0,1.333362609E-1,2.035572380E-2,5.396788195E-2
3.052981708E0,1.739632338E-1,4.788621888E-2,5.812164024E-2
3.063037708E0,2.012310773E-1,7.053267211E-2,6.950212270E-2
3.073092708E0,2.142775059E-1,9.636262804E-2,7.383142412E-2
3.083148708E0,2.259424180E-1,1.013328880E-1,7.077757269E-2
3.093203708E0,2.250207812E-1,8.345900476E-2,5.970922858E-2
3.103259708E0,2.108929753E-1,6.136594713E-2,5.663434416E-2
3.113314708E0,1.983864307E-1,3.526997939E-2,4.551856220E-2
3.123370708E0,1.970500499E-1,9.914558381E-3,3.582918271E-2
3.133425708E0,2.020128965E-1,-2.042431384E-2,2.750059217E-2
3.143480708E0,1.953885555E-1,-4.061000794E-2,2.862098441E-2
3.153536708E0,1.873553395E-1,-5.310132727E-2,2.839479223E-2
3.163591708E0,1.837781817E-1,-5.236842483E-2,2.976685390E-2
3.173647708E0,1.863746345E-1,-5.691209808E-2,2.444703132E-2
3.183702708E0,1.851799339E-1,-6.909846514E-2,1.737979986E-2
3.193758708E0,1.823844314E-1,-7.340408862E-2,1.194739155E-2
3.203813708E0,1.973492652E-1,-7.933548093E-2,1.300599799E-2
3.213869708E0,2.177969515E-1,-8.743621409E-2,1.166163664E-2
3.223924708E0,2.314714789E-1,-8.685484529E-2,1.129625086E-2
3.233980708E0,2.442438453E-1,-6.893854588E-2,9.317262098E-3
3.244035708E0,2.601639628E-1,-4.462601617E-2,1.155472826E-3
3.254091708E0,2.653924525E-1,-1.836812869E-2,-1.491982583E-2
3.264146708E0,2.552117109E-1,6.477300543E-3,-3.589248657E-2
3.274202708E0,2.361189872E-1,3.633923456E-2,-5.395761877E-2
3.284257708E0,2.150904089E-1,6.370294094E-2,-5.824051425E-2
3.294312708E0,2.112201899E-1,8.705391735E-2,-5.779335648E-2
3.304368708E0,2.167153507E-1,1.092028990E-1,-4.527756199E-2
3.314423708E0,2.341863960E-1,1.234313771E-1,-3.453338519E-2
3.324479708E0,2.544319928E-1,1.177537888E-1,-2.180507220E-2
3.334534708E0,2.734890878E-1,1.096626371E-1,-4.221756943E-3
3.344590708E0,2.860951722E-1,1.112426892E-1,1.962099224E-2
3.354645708E0,2.945219278E-1,1.240615472E-1,4.668245465E-2
3.364701708E0,2.989587486E-1,1.273351014E-1,6.546972692E-2
3.374756708E0,2.905612588E-1,1.274016798E-1,6.657493860E-2
3.384812708E0,2.908970714E-1,1.354635954E-1,6.426198781E-2
3.394867708E0,3.064794242E-1,1.504632384E-1,5.605234951E-2
3.404923708E0,3.353563547E-1,1.627089828E-1,5.147571117E-2
3.414978708E0,3.745015562E-1,1.804005951E-1,4.424780235E-2
3.425034708E0,4.104651511E-1,1.877525151E-1,3.416746855E-2
3.435089708E0,4.423104227E-1,1.742615849E-1,1.562847942E-2
3.445144708E0,4.637443423E-1,1.527823955E-1,-1.028754096E-2
3.455200708E0,4.729447365E-1,1.407637447E-1,-2.221616730E-2
3.465255708E0,4.681366682E-1,1.370909810E-1,-3.141845018E-2
3.475311708E0,4.557592869E-1,1.204645112E-1,-3.344449028E-2
3.485366250E0,4.272762537E-1,8.182177693E-2,-3.121648729E-2
3.495422250E0,3.954135776E-1,5.032913759E-2,-2.630003542E-2
3.505477250E0,3.656767309E-1,1.877946593E-2,-2.137478627E-2
3.515533250E0,3.365501463E-1,-1.436831802E-2,-2.653117292E-3
3.525588250E0,3.030028343E-1,-4.613929987E-2,1.810569130E-2
3.535644250E0,2.660649717E-1,-8.751541376E-2,3.662343323E-2
3.545699250E0,2.259647101E-1,-1.198672280E-1,4.719298333E-2
3.555755250E0,1.924903989E-1,-1.381280422E-1,6.029627472E-2
3.565810250E0,1.662052721E-1,-1.583542228E-1,7.689176500E-2
3.575866250E0,1.404003352E-1,-1.485894024E-1,8.986330777E-2
3.585921250E0,1.230682135E-1,-1.153792441E-1,9.133923054E-2
3.595976250E0,1.020422131E-1,-8.073624223E-2,7.923758775E-2
3.606032250E0,7.384093106E-2,-6.076760218E-2,5.752243847E-2
3.616087250E0,3.955490887E-2,-5.085320771E-2,3.522482142E-2
3.626143250E0,8.051308803E-3,-5.734999105E-2,2.427363396E-2
3.636198250E0,-1.565497182E-2,-7.085712999E-2,2.614238113E-2
3.646254250E0,-3.262702748E-2,-7.734911889E-2,3.694549203E-2
3.656309250E0,-3.020029515E-2,-9.324336797E-2,4.575132579E-2
3.666365250E0,-2.979336493E-2,-1.067091152E-1,4.400508851E-2
3.676420250E0,-1.267167367E-2,-1.030395031E-1,4.433666542E-2
3.686476250E0,-3.454992548E-4,-8.175498992E-2,3.443316743E-2
3.696531250E0,-3.653450694E-4,-6.452001631E-2,1.870256849E-2
3.706587250E0,-1.428994909E-2,-4.294521734E-2,-2.620563377E-3
3.716642250E0,-4.539999366E-2,-3.859763220E-2,-9.898006916E-3
3.726698250E0,-7.235890627E-2,-5.174592510E-2,-2.916530007E-3
3.736753250E0,-8.612661064E-2,-6.939899176E-2,5.472969264E-3
3.746809250E0,-8.269006759E-2,-8.946032077E-2,1.310851797E-2
3.756864250E0,-7.878570259E-2,-1.020646244E-1,1.490704529E-2
3.766919250E0,-7.253818959E-2,-1.071483344E-1,1.623090357E-2
3.776975250E0,-6.719192117E-2,-1.160249710E-1,9.395267814E-3
3.787030250E0,-6.769685447E-2,-1.115631089E-1,-8.267616853E-3
3.797086250E0,-5.846864730E-2,-8.358172327E-2,-2.637372538E-2
3.807141250E0,-4.111468792E-2,-3.956207260E-2,-4.047143459E-2
3.817197250E0,-1.138716657E-2,1.212945953E-2,-5.141562223E-2
3.827252250E0,2.676021867E-2,4.872928187E-2,-5.509371310E-2
3.837308250E0,5.248958990E-2,5.248482898E-2,-4.981505126E-2
3.847363250E0,6.290734559E-2,4.583811015E-2,-3.217986971E-2
3.857419250E0,4.839729890E-2,3.366514668E-2,-1.173610985E-2
3.867474250E0,2.042824775E-2,3.342945874E-2,1.088850945E-2
3.877530250E0,2.845577430E-3,5.574021861E-2,2.747430652E-2
3.887585250E0,2.888987307E-3,8.045035601E-2,4.042445868E-2
3.897640250E0,2.996668965E-2,1.047587842E-1,4.914730415E-2
3.907696250E0,7.942904532E-2,1.109389216E-1,5.836743861E-2
3.917751250E0,2.318683714E-1,1.078685280E-2,9.134997427E-2
3.927807250E0,7.972294688E-1,-1.369432211E-1,2.332695723E-1
3.937862250E0,6.701723933E-1,6.857197881E-1,3.401645124E-1
3.947918250E0,4.916449785E-1,5.928055644E-1,1.515442431E-1
3.957973250E0,3.605932891E-1,3.007795513E-1,-3.786392137E-2
3.968029250E0,7.798422873E-2,1.617100835E-1,2.239781991E-2
3.978084250E0,-2.052078694E-1,1.285117269E-1,1.506167799E-1
3.988140250E0,-2.878556252E-1,-1.818689890E-2,5.093120039E-2
3.998195250E0,-2.223454565E-1,-7.805752754E-2,2.931965981E-3
4.008251250E0,-1.149993017E-1,-3.890986368E-2,5.519010872E-2
4.018306250E0,-3.002669662E-2,3.251885250E-2,9.754049778E-2
4.028362250E0,7.042908575E-3,3.924573213E-2,8.072955906E-2
4.038417250E0,-1.201633271E-2,1.667541824E-2,3.857642412E-2
4.048473250E0,-4.786141589E-2,2.062461898E-2,1.153175905E-2
4.058528250E0,-7.004142553E-2,1.647413336E-2,-6.567170843E-3
4.068583250E0,-7.259646058E-2,1.831171475E-2,-1.356196404E-2
4.078639250E0,-4.551816359E-2,3.370044753E-2,-1.979456097E-2
4.088694250E0,-1.342813764E-2,5.056305230E-2,-1.987631992E-2
4.098750250E0,1.380250696E-2,4.675668851E-2,-1.642043330E-2
4.108805250E0,2.785440907E-2,3.953153268E-2,-6.640240084E-3
4.118861250E0,2.722319029E-2,3.794682398E-2,4.200507421E-3
4.128916250E0,1.996927150E-2,3.748290241E-2,7.893245667E-3
4.138972250E0,5.580566823E-3,3.000270016E-2,1.441125758E-2
4.149027250E0,-1.656839740E-3,3.260220960E-2,1.631009206E-2
4.159083250E0,-3.506988054E-3,4.034336284E-2,1.264539920E-2
4.169138250E0,-6.738201715E-3,5.383200943E-2,-1.421949826E-3
4.179194250E0,-1.262118760E-2,6.237114221E-2,-1.294180937E-2
4.189249250E0,-1.979308017E-2,5.343144387E-2,-2.219922282E-2
4.199305250E0,-3.183342144E-2,4.244689271E-2,-2.541659027E-2
4.209360250E0,-4.138777778E-2,2.819631994E-2,-2.069161087E-2
4.219415250E0,-5.653757602E-2,2.337285317E-2,-1.448599994E-2
4.229471250E0,-6.475395709E-2,2.069584280E-2,-8.146877401E-3
4.239526250E0,-7.518414408E-2,2.592425235E-2,-9.932355955E-3
4.249582250E0,-7.906436920E-2,2.738845721E-2,-1.402563415E-2
4.259637250E0,-7.883404195E-2,3.456570953E-2,-6.794075016E-3
4.269693250E0,-7.417164743E-2,4.995798320E-2,1.301797945E-2
4.279748250E0,-7.379615307E-2,5.929593369E-2,3.388871253E-2
4.289804250E0,-7.428164780E-2,5.725302175E-2,4.749799892E-2
4.299859250E0,-9.013124555E-2,3.620549291E-2,5.442667753E-2
4.309915250E0,-1.028558314E-1,3.238838539E-2,5.867441744E-2
4.319970250E0,-9.482583404E-2,4.439014196E-2,6.002944335E-2
4.330026250E0,-7.757014781E-2,5.108825862E-2,5.404664949E-2
4.340081250E0,-5.887969956E-2,4.676184803E-2,4.186400399E-2
4.350137250E0,-3.334105015E-2,3.909460828E-2,4.084587842E-2
4.360192250E0,-4.622750450E-3,3.368065879E-2,4.591981322E-2
4.370247250E0,1.535788178E-2,2.891573124E-2,5.359743908E-2
4.380303250E0,2.112410590E-2,5.589501932E-3,5.656057596E-2
4.390358250E0,1.804522611E-2,-1.566811465E-2,4.881769791E-2
4.400414250E0,2.901566448E-3,-3.333078325E-2,4.296868667E-2
4.410469250E0,-1.513309404E-2,-5.339397117E-2,3.384256735E-2
4.420525250E0,-2.907914296E-2,-7.314179093E-2,2.074106038E-2
4.430580250E0,-3.370052576E-2,-7.553411275E-2,1.262560859E-2
4.440636250E0,-2.920281701E-2,-7.838740945E-2,3.837365657E-3
4.450691250E0,-2.577266470E-2,-8.785468340E-2,-1.194559224E-2
4.460747250E0,-1.885285787E-2,-9.265115112E-2,-2.197933197E-2
4.470802250E0,-1.825204864E-2,-1.004550084E-1,-2.246535942E-2
4.480858250E0,-2.580514178E-2,-1.092860326E-1,-2.227317728E-2
4.490913750E0,-3.806579858E-2,-1.118903384E-1,-2.173681743E-2
4.500969750E0,-6.017717719E-2,-1.144401953E-1,-1.971050166E-2
4.511024750E0,-8.017485589E-2,-1.238086596E-1,-1.748809405E-2
4.521079750E0,-8.405821770E-2,-1.138058007E-1,-1.214330643E-2
4.531135750E0,-7.359065861E-2,-9.888650477E-2,-1.146846171E-2
4.541190750E0,-5.593072996E-2,-8.852660656E-2,-5.509187002E-3
4.551246750E0,-3.686968610E-2,-7.684917748E-2,3.671528306E-3
4.561301750E0,-2.527377941E-2,-6.620299816E-2,1.083614957E-2
4.571357750E0,-1.755460724E-2,-5.292447284E-2,2.072526515E-2
4.581412750E0,-2.349911071E-2,-4.301380366E-2,2.908907831E-2
4.591468750E0,-3.018550761E-2,-4.285934195E-2,3.811879084E-2
4.601523750E0,-3.541676700E-2,-5.724350736E-2,3.191478550E-2
4.611579750E0,-5.360109732E-2,-7.348612696E-2,2.807583846E-2
4.621634750E0,-6.778772175E-2,-7.320839912E-2,3.254356608E-2
4.631690750E0,-7.336890697E-2,-6.147184595E-2,3.280775249E-2
4.641745750E0,-6.890702248E-2,-5.334248394E-2,2.606071346E-2
4.651801750E0,-6.383928657E-2,-5.307776481E-2,1.068868302E-2
4.661856750E0,-6.303583086E-2,-5.525959283E-2,-6.612450816E-3
4.671911750E0,-7.087404281E-2,-5.943569541E-2,-2.047527023E-2
4.681967750E0,-7.729946822E-2,-5.961535126E-2,-3.229750320E-2
4.692022750E0,-8.580347151E-2,-6.781921536E-2,-5.268746242E-2
4.702078750E0,-1.014163792E-1,-8.360036463E-2,-7.112310827E-2
4.712133750E0,-1.246503294E-1,-9.233926237E-2,-8.874098212E-2
4.722189750E0,-1.774739474E-1,-1.092962399E-1,-1.011067256E-1
4.732244750E0,-3.096863329E-1,-1.412150115E-1,-1.234767437E-1
4.742300750E0,-4.781561196E-1,-1.987605840E-1,-1.642810106E-1
4.752355750E0,-6.235055923E-1,-2.764963806E-1,-2.167098522E-1
4.762411750E0,-7.214455009E-1,-3.365073800E-1,-2.294487357E-1
4.772466750E0,-7.072162628E-1,-3.806069493E-1,-1.843915135E-1
4.782522750E0,-2.603734434E-1,-4.229831100E-1,3.634145483E-3
4.792577750E0,4.034963250E-2,-1.877756864E-1,8.654581010E-2
4.802632750E0,2.669510841E-1,-4.761734605E-2,1.546768248E-1
4.812688750E0,3.873419464E-1,1.134610735E-2,1.173614189E-1
4.822743750E0,3.444276452E-1,8.308921009E-2,3.603178263E-2
4.832799750E0,2.791173458E-1,2.111102939E-1,-4.101986066E-2
4.842854750E0,2.281783819E-1,3.561134636E-1,-1.112109423E-1
4.852910750E0,1.388671547E-1,4.554365873E-1,-1.417001486E-1
4.862965750E0,-8.815021068E-2,4.865427613E-1,-1.371344328E-1
4.873021750E0,-3.526796103E-1,3.922135830E-1,-4.961895943E-2
4.883076750E0,-5.117275715E-1,3.226409107E-2,6.521434337E-2
4.893132750E0,-4.880259633E-1,-4.448252320E-1,9.247925133E-2
4.903187750E0,-4.125278294E-1,-5.043422580E-1,-6.353699416E-2
4.913243750E0,-3.380210996E-1,-6.892905235E-1,-2.168940604E-1
4.923298750E0,-1.143980399E-1,-6.204488277E-1,-6.723796129E-1
4.933354750E0,2.047946006E-1,-3.212490678E-1,-8.996716142E-1
4.943409750E0,4.488343894E-1,7.342754602E-1,-1.085216761E0
4.953464750E0,5.456637144E-1,8.954041600E-1,-1.478452086E0
4.963520750E0,5.826537609E-1,1.142093539E-1,-1.649906874E0
4.973575750E0,5.018196106E-1,-6.945521832E-1,-1.653554082E0
4.983631750E0,3.369156420E-1,-8.945438266E-1,-1.502556801E0
4.993686750E0,1.881245822E-1,-4.263867140E-1,-1.281386852E0
5.003742750E0,5.401206762E-2,2.941947877E-1,-1.094702244E0
5.013797750E0,-2.016096562E-2,8.457275033E-1,-9.422021508E-1
5.023853750E0,-1.719667576E-2,1.133116722E0,-8.293930888E-1
5.033908750E0,7.494763285E-2,1.326928020E0,-8.288844228E-1
5.043964750E0,2.159326375E-1,1.339381218E0,-8.912827969E-1
5.054019750E0,4.027403593E-1,1.287517309E0,-1.019209862E0
5.064075750E0,5.986564755E-1,1.243636370E0,-1.152363777E0
5.074130750E0,7.556010485E-1,1.165882111E0,-1.206220269E0
5.084186750E0,8.453803658E-1,1.095289350E0,-1.127560854E0
5.094241750E0,9.773719907E-1,1.099956274E0,-9.615243077E-1
5.104296750E0,1.144635558E0,1.196622849E0,-8.055000901E-1
5.114352750E0,1.279662848E0,1.314780474E0,-7.303944230E-1
5.124407750E0,1.337784529E0,1.437210798E0,-7.301099896E-1
5.134463750E0,1.311051726E0,1.627432227E0,-7.563237548E-1
5.144518750E0,1.228738666E0,1.890752792E0,-7.314885855E-1
5.154574750E0,1.094800830E0,2.103975058E0,-6.142122746E-1
5.164629750E0,9.419128895E-1,2.213717699E0,-4.239240289E-1
5.174685750E0,8.375076652E-1,2.280971050E0,-2.412474304E-1
5.184740750E0,7.845300436E-1,2.339254379E0,-1.100688875E-1
5.194796750E0,7.395417690E-1,2.350659132E0,-4.262832925E-2
5.204851750E0,7.232062221E-1,2.359585762E0,2.196236700E-2
5.214907750E0,7.449514866E-1,2.333852053E0,5.852011219E-2
5.224962750E0,8.048780560E-1,2.189204693E0,2.479135990E-2
5.235017750E0,8.787831664E-1,2.022390366E0,-1.857795194E-2
5.245073750E0,9.342588782E-1,1.942365289E0,-7.117895037E-2
5.255128750E0,9.699300528E-1,1.890069842E0,-1.093883812E-1
5.265184750E0,9.850243330E-1,1.826765180E0,-1.493102163E-1
5.275239750E0,9.792129993E-1,1.760301232E0,-1.917056143E-1
5.285295750E0,9.352991581E-1,1.714654088E0,-2.045428455E-1
5.295350750E0,8.524873853E-1,1.681315541E0,-1.709438860E-1
5.305406750E0,7.684392333E-1,1.658758044E0,-1.071019322E-1
5.315461750E0,7.440726161E-1,1.583035469E0,-1.220995262E-1
5.325517750E0,7.826160789E-1,1.432036400E0,-2.015817761E-1
5.335572750E0,8.219326138E-1,1.288115621E0,-3.129966855E-1
5.345628750E0,8.179895282E-1,1.195649028E0,-3.909159005E-1
5.355683750E0,7.404329181E-1,1.154900789E0,-3.495138586E-1
5.365739750E0,5.677130222E-1,1.104527593E0,-2.001955658E-1
5.375794750E0,4.119263887E-1,1.021070242E0,-6.120465696E-2
5.385850750E0,3.451129496E-1,9.476215243E-1,-8.651803248E-3
5.395905750E0,3.527410328E-1,8.960123658E-1,-3.304742277E-2
5.405960750E0,3.879235685E-1,8.897255659E-1,-3.043531440E-2
5.416016750E0,4.087979496E-1,9.081828594E-1,-4.608910903E-2
5.426071750E0,4.198197424E-1,8.760264516E-1,-4.982018843E-2
5.436127750E0,3.990702629E-1,7.772077322E-1,-3.029495850E-2
5.446182750E0,3.588907719E-1,6.183407903E-1,-4.688588437E-3
5.456238750E0,3.425003588E-1,4.545007348E-1,-1.344000176E-2
5.466293750E0,3.491872847E-1,3.320614398E-1,-8.585765213E-2
5.476349750E0,3.314048350E-1,2.622394860E-1,-1.615795791E-1
5.486403625E0,1.981759220E-1,2.460307926E-1,-1.727074981E-1
5.496459625E0,5.094067007E-2,2.851366401E-1,-1.122271121E-1
5.506514625E0,4.959262535E-2,3.941908479E-1,-7.246700674E-2
5.516570625E0,1.313103884E-1,4.799845815E-1,-7.642712444E-2
5.526625625E0,2.176683992E-1,4.386535287E-1,-1.028440222E-1
5.536680625E0,2.351022512E-1,2.571606934E-1,-1.244358644E-1
5.546736625E0,2.071366757E-1,8.730176836E-2,-1.066534743E-1
5.556791625E0,1.815002859E-1,4.082188010E-2,-1.518864781E-1
5.566847625E0,1.905159801E-1,1.004650667E-1,-2.313233316E-1
5.576902625E0,1.999073476E-1,2.737947702E-1,-3.087350130E-1
5.586958625E0,1.338221282E-1,5.730507374E-1,-2.550773025E-1
5.597013625E0,3.289871663E-2,1.034303665E0,-1.505269408E-1
5.607069625E0,9.392020293E-3,1.749718189E0,-4.329767078E-2
5.617124625E0,1.596816257E-2,2.575235128E0,-4.148645326E-2
5.627180625E0,-3.388704062E-1,-2.009193897E0,1.272710562E-1
5.637235625E0,1.624992192E-1,3.066950664E-2,-5.335918069E-2
5.647291625E0,4.823495075E-2,2.774626203E-2,-5.986867100E-2
5.657346625E0,1.114510279E-2,-1.520679891E-2,1.124647409E-1
5.667402625E0,-5.558510311E-3,-6.195201539E-3,1.976182759E-1
5.677457625E0,-7.868535817E-3,-1.656928100E-2,4.733689874E-2
5.687512625E0,-2.698388882E-3,-1.189931016E-2,-7.110054046E-2
5.697568625E0,-3.135147272E-3,-1.073151361E-2,-1.324267387E-1
5.707623625E0,-5.226768553E-3,-8.371354081E-3,-1.538382173E-1
5.717679625E0,6.923734909E-4,-8.616365492E-3,-1.301797628E-1
5.727734625E0,3.544567153E-4,-5.810225848E-3,-8.880569786E-2
5.737790625E0,-2.338355407E-4,-4.264793824E-3,-4.235564172E-2
5.747845625E0,-4.970331211E-4,-2.400779864E-3,-7.384000346E-4
5.757901625E0,5.360070500E-4,-2.265751973E-4,2.656118013E-4
5.767956625E0,1.557406620E-3,-2.007764997E-3,5.814386532E-4
5.778012625E0,-1.363548450E-3,-1.950773178E-3,-1.605176367E-4
5.788067625E0,1.087599434E-3,-1.782527543E-3,-1.600570045E-3
5.798123625E0,-7.401280454E-4,-8.453612681E-4,-3.882991150E-4
5.808178625E0,-1.530376961E-3,-1.193527831E-3,-1.787960529E-3
5.818234625E0,-1.849423745E-3,8.425695705E-5,1.697293483E-4
5.828289625E0,9.709658334E-4,-1.623636927E-3,1.599126030E-3
5.838344625E0,1.007717452E-3,2.906431910E-4,3.254280891E-3
5.848400625E0,-9.806500748E-4,1.589334337E-3,1.991513185E-3
5.858455625E0,1.563467551E-3,2.866053721E-3,-3.547314554E-4
5.868511625E0,-3.292022739E-4,4.067239934E-5,3.910841886E-3
5.878566625E0,8.263433119E-4,5.274982541E-4,1.717638224E-4
5.888622625E0,4.326764029E-4,-1.076656161E-3,8.067660965E-4
5.898677625E0,1.034817076E-3,-1.152822631E-3,-2.231901046E-3
5.908733625E0,-7.678635302E-4,-9.891381487E-4,-2.653305884E-3
5.918788625E0,-1.584655140E-3,1.808512490E-3,-2.663144842E-4
5.928844625E0,5.437040236E-4,-1.261545811E-3,1.717880368E-4
5.938899625E0,2.346131485E-3,1.237031887E-3,8.652750403E-4
5.948955625E0,6.394642987E-4,4.999851226E-4,1.347034704E-3
5.959010625E0,1.723903464E-3,1.381757786E-3,-6.157150492E-4
5.969065625E0,5.492091877E-4,-2.351661446E-3,-5.160318688E-4
5.979121625E0,1.112734084E-3,8.486591978E-4,-1.857997850E-4
5.989176625E0,-3.526898217E-4,-3.317173570E-3,-1.592742279E-3
5.999232625E0,2.553085331E-3,-6.958242157E-4,2.559658606E-3
6.009287625E0,5.161355948E-4,-2.285739873E-3,-9.601628408E-4
6.019343625E0,1.410957659E-3,-1.348839956E-3,2.256402746E-3
6.029398625E0,2.992024412E-3,-2.155910246E-3,1.853038091E-3
6.039454625E0,-1.455987222E-3,4.792874679E-4,2.096184995E-3
6.049509625E0,4.516870831E-4,-4.389106471E-5,-1.171884127E-3
6.059565625E0,-4.979961668E-4,1.334028435E-3,-1.191325486E-3
6.069620625E0,2.550445963E-3,8.185078623E-4,-1.862249337E-4
6.079676625E0,2.070923802E-5,-2.287270501E-3,-3.168965457E-3
6.089731625E0,-8.717643796E-4,-1.157941413E-3,-3.542704508E-5
6.099787625E0,-3.543122148E-4,9.446243057E-4,4.591220059E-4
6.109842625E0,5.078277900E-4,-1.682933071E-3,8.953656070E-4
6.119897625E0,5.935144145E-5,6.657087361E-4,-4.236982204E-4
6.129953625E0,-1.824266801E-4,5.066767335E-4,-3.776163794E-4
6.140008625E0,-1.548095723E-3,-2.418006770E-3,5.502286367E-4
6.150064625E0,-2.326967660E-3,2.812432824E-3,-1.030546147E-3
6.160119625E0,1.465764944E-4,-1.577906223E-4,1.243793871E-3
6.170175625E0,1.486299327E-3,1.706272014E-3,7.415157743E-4
6.180230625E0,7.640499971E-4,9.856206598E-4,2.405750565E-4
6.190286625E0,2.678190358E-3,5.968958430E-5,2.269065008E-4
6.200341625E0,2.660080791E-3,-2.846571733E-4,3.928211518E-4
6.210397625E0,-1.343385782E-3,3.702391987E-4,3.210054711E-4
6.220452625E0,1.248402637E-3,1.276246621E-3,3.306675237E-3
6.230508625E0,-9.554264834E-4,2.439803357E-4,-1.299617812E-3
6.240563625E0,-1.381023903E-4,2.809982689E-4,-2.489517909E-3
6.250619625E0,8.996307733E-4,4.181673867E-4,-4.476068076E-3
6.260674625E0,-3.038119292E-3,-2.308643190E-3,-6.283555645E-3
6.270729625E0,-6.369317416E-4,-1.299347728E-3,-4.152694717E-3
6.280785625E0,7.207477465E-4,-1.597621827E-3,1.170431264E-3
6.290840625E0,-2.539166715E-3,-1.940885792E-3,4.497362766E-3
6.300896625E0,-6.176959723E-4,-1.862588804E-3,4.988183733E-3
6.310951625E0,6.387769245E-4,-1.557356329E-3,3.962866496E-3
6.321007625E0,-2.249154961E-3,1.421655645E-3,3.387890290E-3
6.331062625E0,-1.790167065E-3,3.705783456E-5,-9.202188812E-4
6.341118625E0,2.524774463E-4,-6.002365844E-4,-3.450488206E-3
6.351173625E0,5.132452934E-4,-6.526494981E-4,-2.376324497E-3
6.361229625E0,6.288264412E-4,-9.226941038E-4,-2.455686685E-3
6.371284625E0,1.040672418E-3,-5.051487824E-5,-1.750395633E-3
6.381340625E0,3.450546938E-4,3.257574281E-5,6.959838793E-4
6.391395625E0,1.867400366E-3,7.084895624E-4,4.374686163E-3
6.401450625E0,-5.105362507E-4,-6.707615685E-4,5.144340452E-3
6.411506625E0,-1.072914107E-3,-3.061634197E-4,1.969930250E-3
6.421561625E0,1.721137378E-4,-5.351952277E-4,-1.040773466E-3
6.431617625E0,-8.027251461E-4,-3.160097403E-4,-3.689610632E-3
6.441672625E0,1.778506994E-4,1.242107828E-4,-3.472563112E-3
6.451728625E0,4.031657882E-4,-1.856958261E-4,-6.713895127E-4
6.461783625E0,3.280646633E-4,1.292891218E-3,-4.817727022E-4
6.471839625E0,7.956734626E-4,-3.346027806E-4,2.412469592E-3
6.481894625E0,-9.308538865E-4,-1.244871295E-3,-7.010321133E-4
6.491950708E0,-3.818382975E-4,-2.257688466E-4,4.236157984E-4
6.502005708E0,1.649086626E-4,6.003437447E-4,-3.191400319E-4
6.512061708E0,-1.380106434E-3,1.457947423E-3,-1.402879134E-3
6.522116708E0,1.030054409E-3,4.861600464E-4,-3.464432200E-3
6.532172708E0,-4.656309029E-4,3.190938383E-3,-4.086268134E-3
6.542227708E0,-7.290175417E-4,1.793577801E-3,-3.674305044E-4
6.552282708E0,-2.461514378E-4,1.302378252E-3,-1.471128315E-3
6.562338708E0,1.878784737E-3,6.299301749E-4,1.265003346E-3
6.572393708E0,2.018523635E-3,9.420486167E-4,3.858832177E-3
6.582449708E0,-1.154632773E-3,8.158147102E-4,2.521925140E-3
6.592504708E0,-4.216022207E-4,-3.189596348E-3,1.429317519E-3
6.602560708E0,-8.519691182E-4,6.958020094E-5,1.863110811E-6
6.612615708E0,-4.653225478E-4,1.379140769E-3,-1.421871595E-3
6.622671708E0,-7.121975068E-4,-1.850208268E-3,-2.720961813E-3
6.632726708E0,7.536003832E-4,1.391658443E-3,-1.035426278E-3
6.642782708E0,4.212378699E-4,1.132532838E-3,-2.278856002E-3
6.652837708E0,3.959104361E-4,1.212092116E-3,1.484355424E-3
6.662893708E0,-1.309577958E-3,1.134061604E-3,2.542162780E-3
6.672948708E0,-1.169511233E-3,1.706190407E-3,1.163536683E-3
6.683003708E0,-1.484552922E-4,1.235343516E-3,2.240252681E-3
6.693059708E0,-6.398105179E-4,6.712098839E-4,-1.877260394E-3
6.703114708E0,1.713092206E-3,6.461761659E-4,-1.054343767E-3
6.713170708E0,-1.047236496E-3,-5.992842489E-4,-2.412301488E-3
6.723225708E0,-1.261088299E-3,1.764271175E-3,-8.863098919E-4
6.733281708E0,8.321286296E-4,-1.256477553E-3,1.588999294E-4
6.743336708E0,-4.429929249E-4,7.443552604E-4,-7.255361415E-4
6.753392708E0,5.327619147E-4,7.103093085E-4,1.030205283E-3
6.763447708E0,-6.014783867E-4,5.864723353E-4,2.399868798E-3
6.773503708E0,5.591626978E-4,-9.234392201E-4,4.509766586E-4
6.783558708E0,-5.532396608E-4,8.403723477E-4,1.993076876E-4
6.793614708E0,-3.358860558E-4,6.976175064E-5,-1.254789997E-3
6.803669708E0,1.538692741E-4,4.898909538E-5,-2.910210751E-3
6.813725708E0,4.967462737E-4,1.392514328E-3,-3.613638226E-3
6.823780708E0,-2.103229926E-4,8.020914975E-4,1.902567688E-3
6.833836708E0,1.817876037E-4,-6.785632577E-4,6.028488278E-4
6.843891708E0,1.616432448E-3,-1.332103042E-3,2.952022944E-3
6.853946708E0,8.392500458E-4,-1.266507199E-3,1.640951727E-3
6.864002708E0,8.917142986E-4,-1.381555805E-3,1.534158830E-3
6.874057708E0,-3.267353866E-3,-5.263409694E-4,-6.266366690E-4
6.884113708E0,9.095481364E-4,-2.847922733E-4,-5.310294218E-4
6.894168708E0,-5.160699948E-5,1.389121520E-3,-1.233939081E-3
6.904224708E0,2.976140939E-3,1.372876228E-3,3.995444160E-3
6.914279708E0,-1.516863704E-3,1.619423856E-3,4.254229832E-3
6.924335708E0,-2.497705864E-3,2.826901153E-3,5.035601091E-3
6.934390708E0,-2.656426223E-4,2.485523466E-3,4.327317234E-3
6.944446708E0,2.226010896E-3,2.497241367E-3,1.356826629E-3
6.954501708E0,-5.609783693E-5,1.027462189E-3,-1.706860028E-3
6.964557708E0,1.139927772E-3,2.756518661E-4,-5.011309870E-3
6.974612708E0,1.533063129E-3,1.896815840E-3,-1.945892815E-3
6.984667708E0,1.049166778E-3,-3.290541354E-4,5.873059854E-4
6.994723708E0,-7.645185106E-4,1.004778664E-3,2.053570468E-3
7.004778708E0,-2.373067662E-3,-9.430795035E-5,6.884336472E-4
7.014834708E0,-4.670803028E-4,-1.286499319E-3,3.642921802E-3
7.024889708E0,-2.925710520E-3,7.212577621E-4,3.014532849E-4
7.034945708E0,-1.195352641E-3,1.662006951E-3,1.005090307E-3
7.045000708E0,3.622039687E-3,1.149767049E-4,-9.038634598E-4
7.055056708E0,1.411212492E-3,1.235765172E-3,-1.534449402E-3
7.065111708E0,-1.949696802E-3,8.285677759E-4,-3.982161172E-3
7.075167708E0,7.030337001E-4,5.084761069E-4,9.455857798E-5
7.085222708E0,1.986411167E-3,-1.072109910E-3,-3.067799844E-4
7.095278708E0,3.692464903E-3,3.782309941E-4,1.480011269E-4
7.105333708E0,-1.219807018E-4,-8.116429672E-5,1.365332399E-3
7.115389708E0,-2.088540932E-3,3.985657240E-4,-6.010364741E-4
7.125444708E0,2.630303788E-4,-1.168438233E-3,9.630378336E-4
7.135499708E0,5.422402173E-4,9.572719573E-4,3.967429511E-4
7.145555708E0,1.349976985E-3,-3.045337508E-4,-3.018039279E-4
7.155610708E0,-2.643241605E-4,-1.101605245E-3,-3.127808450E-3
7.165666708E0,-1.284314902E-3,-1.258199103E-3,-1.836838201E-4
7.175721708E0,-1.232476672E-3,-2.114654519E-3,7.049744017E-4
7.185777708E0,-1.679887762E-3,6.241404917E-4,1.232280396E-3
7.195832708E0,-1.689305936E-4,8.798205818E-5,1.990380231E-3
7.205888708E0,-1.875727030E-4,-9.874023963E-4,5.075918976E-3
7.215943708E0,8.026066935E-4,4.170181055E-4,8.090594783E-4
7.225999708E0,4.494714958E-4,4.670855124E-4,-1.195501536E-3
7.236054708E0,-5.266381195E-4,-1.216366887E-3,-3.189657815E-3
7.246110708E0,-1.012132270E-3,1.698995591E-3,-2.320668194E-3
7.256165708E0,-7.449784316E-4,1.701586181E-3,4.418576136E-4
7.266220708E0,2.806612989E-3,3.231686424E-5,1.204139553E-4
7.276276708E0,-2.185938414E-3,-7.968068821E-4,2.929357812E-3
7.286331708E0,1.515322714E-3,8.437003125E-4,1.562356949E-3
7.296387708E0,-8.974923985E-4,-2.157479990E-3,8.042221889E-4
7.306442708E0,-1.454157464E-4,-1.155865146E-3,2.516101580E-3
7.316498708E0,1.710957848E-3,-1.127991360E-3,2.515305299E-3
7.326553708E0,-1.784973661E-3,1.804681495E-3,-8.580368012E-5
7.336609708E0,7.545399712E-4,1.920267532E-4,1.165671274E-4
7.346664708E0,7.277075201E-5,-1.190304465E-4,1.218933612E-4
7.356720708E0,2.861174289E-5,-4.644959117E-4,-9.980774485E-4
7.366775708E0,-8.536934620E-4,-1.818979741E-3,9.934343398E-4
7.376831708E0,-6.445760955E-4,-5.264604988E-5,-1.792677045E-1
7.386886708E0,3.056398127E-4,5.782568478E-4,-6.037651896E-1
7.396942708E0,1.412178855E-3,8.054570062E-4,-7.068747878E-1
7.406997708E0,-8.520407137E-4,-5.435660947E-3,-4.612535834E-1
7.417052708E0,-2.283199690E-3,5.007452331E-3,-3.662500083E-1
7.427108708E0,-4.743807949E-4,-3.058730392E-3,-1.665014625E-1
7.437163708E0,-2.462732082E-4,2.554371953E-3,2.570932731E-2
7.447219708E0,1.340171788E-3,-5.971738603E-3,2.322763503E-1
7.457274708E0,1.366967801E-3,1.291775843E-3,1.982698441E-1
7.467330708E0,-1.430949313E-3,1.208152622E-3,7.159072161E-2
7.477385708E0,-4.024364753E-4,-2.989521949E-3,6.372240931E-2
7.487442500E0,-3.233110299E-3,-4.539215472E-3,1.330578029E-1
7.497497500E0,-5.044047255E-3,1.699938439E-3,1.422613263E-1
7.507553500E0,-6.000920665E-3,4.509040620E-3,-1.278151013E-2
7.517608500E0,-1.047021337E-2,7.356284652E-3,-9.324775636E-2
7.527664500E0,-1.667937264E-2,6.081018969E-2,-8.171626925E-2
7.537719500E0,-8.301166445E-2,5.782962590E-2,-2.716612816E-1
7.547774500E0,-2.244414985E-1,3.894701600E-2,-3.701926470E-1
7.557830500E0,-5.064535141E-1,-5.108230561E-2,-1.681227088E-1
7.567885500E0,-6.004963517E-1,-1.937545091E-1,2.407018095E-1
7.577941500E0,-6.242226362E-1,-8.247738332E-2,1.187577099E-1
7.587996500E0,-7.744600773E-1,-1.232391968E-1,2.368460000E-1
7.598052500E0,-1.077509165E0,-3.620108068E-1,4.592931569E-1
7.608107500E0,-1.489721298E0,-9.119144082E-1,5.197101831E-1
7.618163500E0,-1.761467576E0,-1.462282538E0,3.302842379E-1
7.628218500E0,-1.841633677E0,-1.633247614E0,7.761044055E-2
7.638274500E0,-1.998449922E0,-1.271546006E0,-4.732065275E-2
7.648329500E0,-2.214826107E0,-1.167518973E0,-1.674443930E-1
7.658385500E0,-2.314426184E0,-1.607512116E0,-1.620930433E-1
7.668440500E0,-2.363509417E0,-2.244985104E0,-5.457670242E-2
7.678496500E0,-2.354238987E0,-2.694036961E0,1.626032889E-1
7.688551500E0,-2.294273853E0,-2.896008492E0,4.033213258E-1
7.698606500E0,-2.193299294E0,-3.001191616E0,6.530048251E-1
7.708662500E0,-2.049766302E0,-3.125525713E0,7.996752262E-1
7.718717500E0,-1.890518785E0,-3.233722448E0,7.225028872E-1
7.728773500E0,-1.752493262E0,-3.273880005E0,5.989037156E-1
7.738828500E0,-1.677484274E0,-3.262074709E0,4.910607636E-1
7.748884500E0,-1.629349232E0,-3.225292444E0,4.421145320E-1
7.758939500E0,-1.611791611E0,-3.227517605E0,4.885458648E-1
7.768995500E0,-1.604874849E0,-3.273923874E0,6.213361621E-1
7.779050500E0,-1.591964483E0,-3.275043011E0,7.448394299E-1
7.789106500E0,-1.530720592E0,-3.184282064E0,8.578285575E-1
7.799161500E0,-1.449169517E0,-3.024325609E0,9.287186861E-1
7.809217500E0,-1.352185130E0,-2.831119537E0,1.028021574E0
7.819272500E0,-1.281648993E0,-2.624428034E0,1.146885991E0
7.829328500E0,-1.270797610E0,-2.370582342E0,1.238806605E0
7.839383500E0,-1.241889238E0,-2.145230293E0,1.301084399E0
7.849438500E0,-1.229448557E0,-1.965431690E0,1.296871901E0
7.859494500E0,-1.243837595E0,-1.868320227E0,1.115584850E0
7.869549500E0,-1.275198221E0,-1.674899936E0,9.465641379E-1
7.879605500E0,-1.341511130E0,-1.344578505E0,8.457881212E-1
7.889660500E0,-1.390603900E0,-1.044723272E0,8.043727279E-1
7.899716500E0,-1.363026023E0,-8.705725670E-1,8.097149134E-1
7.909771500E0,-1.288199425E0,-7.992478013E-1,8.105269074E-1
7.919827500E0,-1.139413595E0,-7.335532308E-1,8.105266690E-1
7.929882500E0,-9.730207324E-1,-6.261524558E-1,7.733819485E-1
7.939938500E0,-8.647196293E-1,-4.987235665E-1,6.600596309E-1
7.949993500E0,-7.864407897E-1,-3.668161333E-1,5.391699672E-1
7.960049500E0,-7.727724314E-1,-2.510304451E-1,3.897375464E-1
7.970104500E0,-7.879481912E-1,-1.504689604E-1,2.128024548E-1
7.980159500E0,-7.863401771E-1,-1.440229919E-2,7.567325979E-2
7.990215500E0,-7.435336113E-1,1.901993155E-1,3.214363009E-2
8.000270500E0,-5.194593668E-1,-3.079447895E-2,7.757637650E-2
8.010326500E0,-2.964158654E-1,-1.072520375E0,1.026905179E-1
8.020381500E0,-2.734633684E-1,-2.105898857E0,1.613922268E-1
8.030437500E0,-3.451215923E-1,-2.324238539E0,1.764918491E-2
8.040492500E0,7.529615611E-2,-2.402609289E-1,-4.854841828E-1
8.050548500E0,2.022447884E-1,2.083120644E-1,-4.721806347E-1
8.060603500E0,1.807214171E-1,-3.580129147E-1,-5.930271149E-1
8.070659500E0,5.633049086E-2,-3.807626963E-1,-4.282480478E-1
8.080714500E0,-1.456666142E-1,-1.476312131E-1,-4.416590035E-1
8.090770500E0,-2.074500918E-1,2.895234898E-2,-5.385149717E-1
8.100825500E0,-1.644619368E-2,3.897612989E-1,-6.464265585E-1
8.110881500E0,3.093497455E-1,8.501853347E-1,-7.882928848E-1
8.120936500E0,1.758501172E0,6.709969044E-1,-6.674972773E-1
8.130992500E0,2.749320507E0,9.955512881E-1,-6.298918724E-1
8.141047500E0,2.645752907E0,1.266439915E0,-5.566694736E-1
8.151102500E0,2.157472610E0,8.587411046E-1,-2.679154575E-1
8.161158500E0,1.486754537E0,3.263338804E-1,3.315171599E-2
8.171213500E0,8.117033839E-1,-1.877449267E-2,2.322022170E-1
8.181269500E0,2.299792320E-1,-2.408262640E-1,4.724735916E-1
8.191324500E0,-1.887967288E-1,-7.172559500E-1,6.004656553E-1
8.201380500E0,-2.479817718E-1,-8.865499496E-1,5.704248548E-1
8.211435500E0,-1.595656276E-1,-8.837757707E-1,6.974376440E-1
8.221491500E0,7.004538924E-2,-8.813348413E-1,7.810814381E-1
8.231546500E0,1.325612366E-1,-8.304804564E-1,6.168163419E-1
8.241602500E0,1.266236999E-3,-7.780095935E-1,3.747835159E-1
8.251657500E0,-9.985159338E-2,-8.178110719E-1,1.809709072E-1
8.261712500E0,-1.232804358E-1,-6.049453020E-1,6.699499488E-2
8.271768500E0,-4.802749306E-2,-3.499870598E-1,-3.350631148E-2
8.281823500E0,5.806009769E-1,-3.556495607E-1,-2.377616167E-1
8.291879500E0,5.898383856E-1,-1.662173122E-1,-4.710686505E-1
8.301934500E0,4.083825350E-1,-1.724767685E-1,-4.853277504E-1
8.311990500E0,1.195776239E-1,-2.350048572E-1,-3.747985661E-1
8.322045500E0,-1.337963045E-1,-2.763731778E-1,-3.048792481E-1
8.332101500E0,-2.657458186E-1,-3.459453285E-1,-2.449799627E-1
8.342156500E0,-4.551588893E-1,-4.845492840E-1,-1.459279358E-1
8.352212500E0,-4.723794162E-1,-7.523005605E-1,-7.128831744E-2
8.362267500E0,-4.779392481E-1,-9.100080729E-1,9.689006023E-3
8.372323500E0,-4.518836737E-1,-9.773247838E-1,-8.557375520E-3
8.382378500E0,-3.158789575E-1,-9.243846536E-1,-1.248669624E-2
8.392434500E0,-1.688543707E-1,-6.571518779E-1,1.107143238E-3
8.402489500E0,-8.883377910E-2,-3.906924129E-1,-5.427177995E-2
8.412545500E0,-1.138986573E-1,-2.408602983E-1,-1.194119006E-1
8.422600500E0,-2.636767328E-1,-1.576028317E-1,-1.745853126E-1
8.432655500E0,-4.691894054E-1,-8.776808530E-2,-1.772215962E-1
8.442711500E0,-7.111215591E-1,-9.420991689E-2,-1.613401920E-1
8.452766500E0,-7.768129706E-1,4.411653802E-2,-1.124458760E-1
8.462822500E0,-8.303117752E-1,5.546481907E-2,-1.134212837E-1
8.472877500E0,-1.021280408E0,-4.107743502E-2,-1.515170038E-1
8.482933500E0,-1.344331145E0,-8.273793012E-2,-1.836225837E-1
8.492988083E0,-1.447663188E0,1.721939594E-1,-2.571697831E-1
8.503044083E0,-1.248579741E0,1.996879280E-1,-1.645185649E-1
8.513099083E0,-5.230063200E-1,4.322960507E-3,1.391260028E-1
8.523155083E0,-2.689064108E-2,-1.987057030E-1,3.096021116E-1
8.533210083E0,5.610671639E-1,-1.142613292E0,3.671256006E-1
8.543266083E0,9.046571851E-1,-8.978577852E-1,8.513467312E-1
8.553321083E0,1.683416367E0,-1.296018809E-1,1.232197165E0
8.563377083E0,1.924604535E0,3.132290840E-1,9.034885764E-1
8.573432083E0,1.909510612E0,2.842240632E-1,6.502270103E-1
8.583487083E0,2.029768229E0,4.190753996E-1,5.336241126E-1
8.593543083E0,2.324411869E0,7.682187557E-1,5.649924278E-1
8.603598083E0,2.417104483E0,9.178159833E-1,5.618404150E-1
8.613654083E0,1.792927742E0,1.023930669E0,4.359663427E-1
8.623709083E0,1.314376831E0,7.218394279E-1,4.084013999E-1
8.633765083E0,1.078690529E0,6.537061930E-1,4.034580290E-1
8.643820083E0,6.385900974E-1,5.209578872E-1,2.072048485E-1
8.653876083E0,2.032140940E-1,2.992305756E-1,8.318942040E-2
8.663931083E0,-1.232515723E-1,8.114621043E-2,4.523440450E-2
8.673987083E0,-3.706171513E-1,-7.565405965E-2,1.603364199E-2
8.684042083E0,-4.692022502E-1,-1.261726916E-1,1.033500768E-2
8.694098083E0,-4.340218902E-1,-8.582367748E-2,4.355411977E-3
8.704153083E0,-3.184194565E-1,-3.581866622E-5,-7.638260722E-4
8.714209083E0,-1.963976771E-1,8.799044043E-2,-1.552519575E-2
8.724264083E0,-1.214532629E-1,1.285227388E-1,-5.035223812E-2
8.734319083E0,-1.016952693E-1,1.313289106E-1,-9.328904748E-2
8.744375083E0,-1.113839298E-1,9.326361865E-2,-1.334457695E-1
8.754430083E0,-1.353119016E-1,4.868043959E-2,-1.724925041E-1
8.764486083E0,-1.546755880E-1,1.472978666E-2,-2.115869373E-1
8.774541083E0,-1.658467501E-1,-3.879135766E-4,-2.555783689E-1
8.784597083E0,-1.508986801E-1,4.803012591E-3,-2.871454358E-1
8.794652083E0,-1.279198676E-1,3.745629638E-2,-3.143807650E-1
8.804708083E0,-9.918157756E-2,7.461394370E-2,-3.240342140E-1
8.814763083E0,-7.662700117E-2,1.212778538E-1,-3.223084807E-1
8.824819083E0,-3.365018964E-2,1.866348833E-1,-3.081344366E-1
8.834874083E0,1.073937956E-2,2.373526543E-1,-2.879226208E-1
8.844930083E0,5.193135515E-2,2.777637541E-1,-2.699163854E-1
8.854985083E0,7.226192206E-2,2.944066525E-1,-2.523954213E-1
8.865041083E0,6.606685370E-2,2.869071066E-1,-2.348527163E-1
8.875096083E0,4.111090302E-2,2.765333056E-1,-2.134241313E-1
8.885151083E0,1.131445728E-2,2.493557781E-1,-1.821873039E-1
8.895207083E0,-1.527693961E-2,2.299152315E-1,-1.511132717E-1
8.905262083E0,-2.327136882E-2,2.160397768E-1,-1.142620444E-1
8.915318083E0,-1.465950534E-2,1.932074279E-1,-8.107160032E-2
8.925373083E0,5.449783988E-3,1.965034157E-1,-5.602129921E-2
8.935429083E0,2.858466469E-2,2.079731226E-1,-3.232182562E-2
8.945484083E0,4.938031361E-2,2.235220671E-1,-1.215114072E-2
8.955540083E0,7.585719228E-2,2.387843877E-1,-7.751816884E-4
8.965595083E0,9.918275476E-2,2.615067661E-1,4.627040587E-3
8.975651083E0,1.198725849E-1,2.709226310E-1,-2.082261257E-3
8.985706083E0,1.330114305E-1,2.796265781E-1,-1.675803587E-2
8.995762083E0,1.348745674E-1,2.680825889E-1,-2.884053066E-2
9.005817083E0,1.228590533E-1,2.517896593E-1,-3.981150687E-2
9.015873083E0,1.117352992E-1,2.296010107E-1,-4.724013060E-2
9.025928083E0,9.794411808E-2,2.045630366E-1,-4.960954562E-2
9.035983083E0,9.067555517E-2,1.743745059E-1,-4.659751058E-2
9.046039083E0,8.498945087E-2,1.510331333E-1,-3.817937151E-2
9.056094083E0,8.422512561E-2,1.233280003E-1,-3.069455922E-2
9.066150083E0,8.415325731E-2,1.037571952E-1,-3.235929087E-2
9.076205083E0,8.653093129E-2,8.502344787E-2,-2.533200756E-2
9.086261083E0,9.078516066E-2,7.281310111E-2,-2.169483155E-2
9.096316083E0,9.365125746E-2,6.589740515E-2,-1.950970665E-2
9.106372083E0,9.534925967E-2,5.889536813E-2,-1.597419567E-2
9.116427083E0,8.363081515E-2,5.164331198E-2,-1.546260156E-2
9.126483083E0,5.737664551E-2,3.994114324E-2,-1.287551783E-2
9.136538083E0,2.755483240E-2,2.363167703E-2,-2.032837272E-2
9.146594083E0,1.347994257E-4,1.216866076E-3,-2.246494032E-2
9.156649083E0,-3.013655357E-2,-1.563321985E-2,-3.131915256E-2
9.166704083E0,-4.796863720E-2,-3.310925141E-2,-5.093029141E-2
9.176760083E0,-5.634001642E-2,-4.325136542E-2,-6.386925280E-2
9.186815083E0,-5.862332135E-2,-4.712403193E-2,-7.324529439E-2
9.196871083E0,-5.396651849E-2,-4.677489400E-2,-7.921797037E-2
9.206926083E0,-4.485916719E-2,-4.163184762E-2,-8.435005695E-2
9.216982083E0,-3.894508630E-2,-4.394933209E-2,-1.007263660E-1
9.227037083E0,-3.554960713E-2,-4.643153027E-2,-1.221157163E-1
9.237093083E0,-3.686147928E-2,-4.664165527E-2,-1.360147446E-1
9.247148083E0,-4.315397143E-2,-5.270853266E-2,-1.486721337E-1
9.257204083E0,-5.071495101E-2,-6.322509050E-2,-1.611679494E-1
9.267259083E0,-5.483635888E-2,-6.816287339E-2,-1.614810377E-1
9.277315083E0,-5.280383304E-2,-7.488229126E-2,-1.582927108E-1
9.287370083E0,-4.776437208E-2,-7.922133803E-2,-1.496313065E-1
9.297426083E0,-4.900407419E-2,-8.905000240E-2,-1.604022086E-1
9.307481083E0,-5.505241826E-2,-9.699551016E-2,-1.591342688E-1
9.317536083E0,-6.382114440E-2,-1.112570092E-1,-1.731901616E-1
9.327592083E0,-6.445871294E-2,-1.123101786E-1,-1.720659733E-1
9.337647083E0,-5.110242963E-2,-9.712057561E-2,-1.625435650E-1
9.347703083E0,-2.393322811E-2,-7.693087310E-2,-1.463793218E-1
9.357758083E0,7.508129347E-4,-5.644290894E-2,-1.390825361E-1
9.367814083E0,6.657445338E-4,-4.833746329E-2,-1.501674056E-1
9.377869083E0,-1.099304203E-2,-4.733105376E-2,-1.614608020E-1
9.387925083E0,-2.393576317E-2,-5.176128075E-2,-1.677382588E-1
9.397980083E0,-4.318162799E-2,-6.386827677E-2,-1.777136624E-1
9.408036083E0,-6.937343627E-2,-7.040964812E-2,-1.820500791E-1
9.418091083E0,-9.541249275E-2,-7.000485063E-2,-1.723055691E-1
9.428147083E0,-1.066247970E-1,-6.948132068E-2,-1.622073203E-1
9.438202083E0,-1.073651537E-1,-5.105198175E-2,-1.558330357E-1
9.448258083E0,-1.014201045E-1,-8.523053676E-2,-1.413595229E-1
9.458313083E0,-8.042880148E-2,-9.090147167E-2,-1.049671695E-1
9.468368083E0,-6.025823578E-2,-9.982986003E-2,-7.514599711E-2
9.478424083E0,-7.363183051E-2,-1.070669964E-1,-6.055453420E-2
9.488479208E0,-9.869784862E-2,-1.101415455E-1,-5.228861421E-2
9.498535208E0,-1.309063733E-1,-1.160154119E-1,-5.272377282E-2
9.508590208E0,-1.593207419E-1,-1.111504138E-1,-5.328791216E-2
9.518646208E0,-1.717680842E-1,-9.096737951E-2,-4.590216652E-2
9.528701208E0,-1.570179462E-1,-9.333169460E-2,-3.750523180E-2
9.538757208E0,-1.655112952E-1,-6.562390178E-2,-3.017594479E-2
9.548812208E0,-1.440732479E-1,-5.237445608E-2,-2.326868288E-2
9.558868208E0,4.409662485E-1,1.385569572E-2,8.243004978E-2
9.568923208E0,9.386231899E-1,1.137018204E-1,1.058773249E-1
9.578979208E0,8.780288100E-1,2.852022052E-1,6.578716636E-2
9.589034208E0,1.844424903E-1,4.049941897E-1,-1.024836898E-1
9.599090208E0,1.474940628E-1,1.189040914E-1,1.423147600E-2
9.609145208E0,5.102126598E-1,6.334363949E-3,3.251310289E-1
9.619200208E0,5.638968945E-1,1.816068590E-1,2.588662505E-1
9.629256208E0,4.223426580E-1,2.048423439E-1,1.230524108E-1
9.639311208E0,1.584164947E-1,1.834555566E-1,3.845043480E-2
9.649367208E0,-3.343493119E-2,1.482724994E-1,-2.122593299E-2
9.659422208E0,-1.076135561E-1,6.758696586E-2,-6.677823514E-2
9.669478208E0,-8.247898519E-2,-7.099986076E-2,5.438436288E-3
9.679533208E0,1.849077642E-2,-1.578439474E-1,5.320196599E-2
9.689589208E0,2.086909711E-1,-4.260045588E-1,-6.230315566E-2
9.699644208E0,4.015403390E-1,-2.939434648E-1,-4.726502299E-1
9.709700208E0,7.955866456E-1,1.701735258E-1,-9.159638882E-1
9.719755208E0,1.059095740E0,6.032354236E-1,-1.461084008E0
9.729811208E0,1.257995605E0,1.132262498E-1,-1.600555062E0
9.739866208E0,1.415807366E0,-7.562142611E-2,-1.706942201E0
9.749922208E0,1.446549058E0,5.861435533E-1,-2.048297167E0
9.759977208E0,1.384109974E0,1.195270061E0,-1.980611324E0
9.770032208E0,1.313435435E0,1.419630766E0,-1.663405180E0
9.780088208E0,1.223051786E0,1.410958648E0,-1.298329234E0
9.790143208E0,1.085146666E0,1.431061745E0,-1.084773302E0
9.800199208E0,9.686447978E-1,1.624435782E0,-9.979364276E-1
9.810254208E0,9.476652741E-1,1.982591271E0,-9.684106112E-1
9.820310208E0,1.041142821E0,2.273477554E0,-9.234935045E-1
9.830365208E0,1.176751494E0,2.476140261E0,-8.724008799E-1
9.840421208E0,1.292881489E0,2.569414854E0,-8.914081454E-1
9.850476208E0,1.376090169E0,2.543140650E0,-8.925758600E-1
9.860532208E0,1.335660458E0,2.469311714E0,-8.299494982E-1
9.870587208E0,1.218084455E0,2.461410522E0,-6.668955684E-1
9.880643208E0,1.057448149E0,2.554847717E0,-4.738739431E-1
9.890698208E0,9.043632150E-1,2.695339918E0,-3.064656854E-1
9.900753208E0,8.515013456E-1,2.791748047E0,-1.832867712E-1
9.910809208E0,8.595809340E-1,2.793318748E0,-1.428223252E-1
9.920864208E0,9.104473591E-1,2.773709536E0,-1.504810452E-1
9.930920208E0,9.830186963E-1,2.749505281E0,-1.202064082E-1
9.940975208E0,1.031506896E0,2.626921415E0,-1.551691741E-1
9.951031208E0,1.135987043E0,2.181195498E0,-2.632475495E-1
9.961086208E0,1.231610417E0,1.557301879E0,-3.862760067E-1
9.971142208E0,1.258926392E0,1.089654684E0,-4.684273303E-1
9.981197208E0,1.175137997E0,9.181725979E-1,-4.795422852E-1
9.991253208E0,1.042843342E0,9.349183440E-1,-4.505845904E-1
1.000130821E1,8.900259137E-1,1.010373473E0,-3.751220703E-1
1.001136421E1,7.261113524E-1,1.009116173E0,-2.513665557E-1
1.002141921E1,5.836942792E-1,9.759264588E-1,-1.179264784E-1
1.003147521E1,4.901177287E-1,9.826385975E-1,-1.142015979E-1
1.004153021E1,4.448362589E-1,9.317045808E-1,-2.052601278E-1
1.005158621E1,4.438618124E-1,8.293986320E-1,-3.238643706E-1
1.006164121E1,4.454703629E-1,6.737512350E-1,-3.519372940E-1
1.007169621E1,4.483923316E-1,6.010397673E-1,-3.186475337E-1
1.008175221E1,4.371815026E-1,6.458091140E-1,-2.837734222E-1
1.009180721E1,4.181470871E-1,6.023359299E-1,-2.628060877E-1
1.010186321E1,3.942609429E-1,5.114284158E-1,-2.717308700E-1
1.011191821E1,3.879138827E-1,3.871649802E-1,-3.027465641E-1
1.012197421E1,3.596353829E-1,3.699577451E-1,-3.588308692E-1
1.013202921E1,3.196557462E-1,4.409575760E-1,-3.949490488E-1
1.014208521E1,2.297982872E-1,5.306988955E-1,-3.629034758E-1
1.015214021E1,1.107871756E-1,6.217632890E-1,-2.685035765E-1
1.016219621E1,6.562770344E-3,6.809062362E-1,-1.787241548E-1
1.017225121E1,-7.246501744E-2,7.158520222E-1,-7.716316730E-2
1.018230721E1,-1.234608218E-1,6.632471085E-1,-4.823192954E-3
1.019236221E1,-1.206974238E-1,5.327519178E-1,3.551074490E-2
1.020241721E1,-8.735171705E-2,4.141869247E-1,6.092422456E-2
1.021247321E1,-9.470652789E-3,2.985236049E-1,2.433293313E-2
1.022252821E1,1.065100059E-1,1.902397424E-1,-6.993258744E-2
1.023258421E1,2.187995166E-1,1.370831430E-1,-1.519274861E-1
1.024263921E1,3.033436835E-1,1.413314193E-1,-2.078147233E-1
1.025269521E1,1.205368042E-1,3.650957942E-1,-1.686263978E-1
1.026275021E1,-3.073583543E-1,9.849311113E-1,7.501075417E-2
1.027280621E1,-5.112962127E-1,2.477540493E0,1.599322259E-1
1.028286121E1,-5.955058932E-1,3.139034510E0,1.809965074E-1
1.029291721E1,-4.688999355E-1,3.509885073E0,1.949809045E-1
1.030297221E1,9.951869845E-1,1.376941562E0,-2.872973084E-1
1.031302821E1,2.825314105E-1,-9.788858294E-1,-2.633870244E-1
1.032308321E1,4.345422387E-1,-2.379374653E-1,6.168136001E-2
1.033313921E1,4.220123962E-2,1.399399936E-1,-7.560954243E-2
1.034319421E1,2.047091164E-2,4.115051590E-3,-4.637842625E-2
1.035324921E1,1.968171634E-2,2.973637078E-3,-1.324187592E-2
1.036330521E1,3.289161017E-3,-4.741274286E-3,2.151994035E-3
1.037336021E1,-5.319468211E-3,-1.090279687E-2,5.924083292E-3
1.038341621E1,-1.023789635E-3,-1.144634839E-2,1.804519445E-2
1.039347121E1,4.612181801E-3,-5.603830796E-3,9.948415682E-4
1.040352721E1,-6.502242177E-4,-9.556494653E-3,-1.049563289E-2
1.041358221E1,-4.333550751E-4,-6.948909722E-3,-3.520691395E-2
1.042363821E1,1.691581099E-3,-6.793114822E-3,-6.310405582E-2
1.043369321E1,-1.259227516E-3,-7.078139577E-3,-8.457268029E-2
1.044374921E1,-3.990264959E-4,-6.314611062E-3,-4.883039370E-2
1.045380421E1,-4.116684140E-4,-2.491685562E-3,-1.592775341E-3
1.046386021E1,-8.175341645E-4,-3.848300315E-3,-4.444206133E-4
1.047391521E1,1.192987082E-3,-8.498631651E-4,-3.471164964E-4
1.048397121E1,-2.496472734E-4,-2.884251997E-3,-3.343336284E-4
1.049402600E1,-1.061747549E-3,-5.425257841E-4,1.328999177E-3
1.050408100E1,1.452542841E-3,3.187405528E-4,8.339169435E-4
1.051413700E1,-2.856692066E-3,-1.246332889E-3,-6.110328250E-4
1.052419200E1,2.339064667E-4,-5.946573801E-4,-2.874186961E-3
1.053424800E1,-5.404514959E-4,6.850827485E-4,-4.334952682E-4
1.054430300E1,-1.882418292E-3,-1.133329060E-4,7.809791714E-5
1.055435900E1,2.864805982E-3,-1.000670891E-4,-1.486422028E-3
1.056441400E1,2.913933131E-4,-1.037954935E-4,9.128195234E-4
1.057447000E1,4.880483611E-4,-9.918096475E-4,1.417759806E-3
1.058452500E1,1.149311312E-3,5.632099928E-4,-1.830658875E-4
1.059458100E1,-1.744796289E-3,1.667764271E-3,-1.531073824E-3
1.060463600E1,1.666446682E-3,-5.405289121E-4,6.154337898E-4
1.061469200E1,2.441411372E-3,-9.460359579E-4,-2.786907600E-3
1.062474700E1,-1.169568743E-3,4.518572823E-4,1.093318220E-3
1.063480300E1,4.153943446E-4,1.833662856E-3,-1.077824272E-4
1.064485800E1,1.629263163E-3,-8.127202746E-4,1.893850043E-3
1.065491300E1,3.765885776E-4,-9.978848975E-4,1.022993121E-3
1.066496900E1,8.298585890E-4,-3.981410991E-4,-1.575719565E-3
1.067502400E1,-2.977992408E-3,-1.946458360E-5,-6.937705912E-4
1.068508000E1,-4.021830682E-4,3.475190024E-4,2.553802915E-4
1.069513500E1,-4.986025160E-4,-1.708074939E-3,4.748022184E-5
1.070519100E1,-1.718064072E-3,-4.049903073E-4,-1.040687785E-3
1.071524600E1,-1.875607995E-3,-2.019773703E-3,-1.442307141E-3
1.072530200E1,2.956671815E-4,-7.973826723E-4,-5.916151218E-3
1.073535700E1,1.735055121E-3,-3.237762256E-3,-6.143767387E-3
1.074541300E1,-2.447439358E-3,8.479751705E-5,-8.225049824E-4
1.075546800E1,-2.003022237E-3,5.726561067E-4,4.088294692E-3
1.076552400E1,6.082071923E-4,7.287173066E-4,5.198033527E-3
1.077557900E1,2.192197571E-4,1.858680276E-3,6.902555935E-3
1.078563500E1,4.666274181E-4,-8.388356073E-4,3.743247129E-3
1.079569000E1,-2.106593223E-3,-4.486468970E-5,4.156096838E-4
1.080574500E1,-1.533480943E-3,-7.684455486E-4,-4.439332522E-3
1.081580100E1,-1.561038196E-3,-1.549031876E-4,-1.008781046E-2
1.082585600E1,-9.319995297E-4,-1.767979818E-3,-8.243837394E-3
1.083591200E1,3.071059473E-4,1.910164137E-4,-4.541067872E-3
1.084596700E1,3.361485433E-3,1.433458383E-4,-3.620358184E-4
1.085602300E1,-1.307747210E-3,1.018544310E-3,-4.601157270E-4
1.086607800E1,2.846517833E-3,-4.437974130E-4,4.232906736E-3
1.087613400E1,-2.988645108E-3,-1.830946654E-3,2.098554280E-3
1.088618900E1,-2.110068221E-3,-2.526830649E-3,2.351021860E-3
1.089624500E1,2.562145819E-4,-2.979987767E-4,-4.666605033E-3
1.090630000E1,3.406367905E-4,-1.103604911E-3,-7.718321402E-3
1.091635600E1,-4.453929141E-3,-5.637146533E-4,-9.002207778E-3
1.092641100E1,1.362947049E-3,-8.779676864E-4,-8.941221051E-3
1.093646600E1,1.536510070E-3,-1.075993350E-5,-8.598766290E-4
1.094652200E1,-1.095491927E-3,-4.288761993E-4,5.931716878E-3
1.095657700E1,-3.590528795E-4,7.987584686E-4,6.061962806E-3
1.096663300E1,-8.706462104E-4,-1.001005759E-3,9.674540721E-3
1.097668800E1,1.263852930E-3,-1.542751445E-3,5.830965471E-3
1.098674400E1,1.490487950E-3,-1.725177979E-3,3.818720579E-4
1.099679900E1,-1.719412860E-3,-1.971195452E-3,-5.603747908E-3
1.100685500E1,2.249611280E-4,9.154049912E-4,-7.992070168E-3
1.101691000E1,-7.716421969E-4,-9.557955782E-4,-4.830015823E-3
1.102696600E1,-2.377261873E-3,8.575508255E-4,-5.071830936E-3
1.103702100E1,3.909197985E-4,-1.151331584E-3,2.046437003E-3
1.104707700E1,1.124620670E-3,-1.246672706E-3,5.578321405E-3
1.105713200E1,3.296568990E-3,8.961582789E-4,6.691609509E-3
1.106718800E1,-2.259942121E-4,-7.429759717E-5,4.621268250E-3
1.107724300E1,2.003619680E-3,-1.929203048E-3,1.907404512E-4
1.108729800E1,6.457208656E-5,-6.769846659E-4,-7.644545753E-3
1.109735400E1,1.631171443E-3,-1.054785098E-3,-5.536187440E-3
1.110740900E1,-1.825877931E-3,7.250053459E-4,-9.203892201E-3
1.111746500E1,-4.013480502E-4,-2.152970119E-4,-5.132206716E-3
1.112752000E1,-2.471955726E-3,9.913812391E-4,1.623966731E-3
1.113757600E1,1.509374473E-3,6.031437661E-4,7.327314466E-3
1.114763100E1,-9.524516645E-4,2.017814899E-3,1.422144007E-2
1.115768700E1,-1.750482246E-3,1.338881208E-3,8.214686066E-3
1.116774200E1,2.404970146E-4,-2.582165180E-4,5.902795587E-3
1.117779800E1,1.091954997E-3,-3.931594256E-5,-1.678169705E-3
1.118785300E1,7.119218935E-4,-3.377854824E-3,-5.275567994E-3
1.119790900E1,1.273195259E-3,-9.482793976E-4,-7.937842980E-3
1.120796400E1,-1.004631631E-4,5.414929474E-4,-4.692249000E-3
1.121802000E1,-1.160191372E-3,7.678536931E-4,9.018974379E-4
1.122807500E1,1.911232248E-3,2.833401319E-3,6.161640398E-3
1.123813000E1,-1.054785564E-3,3.888268955E-3,4.945018794E-3
1.124818600E1,1.223315776E-4,-1.128860284E-3,5.870999303E-3
1.125824100E1,-1.527106971E-3,-2.427787753E-3,4.768989980E-3
1.126829700E1,-1.697016531E-3,1.238852507E-3,-2.754173707E-3
1.127835200E1,7.181749097E-4,-1.369934063E-3,-4.916382954E-3
1.128840800E1,1.809804700E-3,-2.379538491E-3,-7.128670812E-3
1.129846300E1,1.701700967E-7,-4.019200278E-4,-2.551330719E-3
1.130851900E1,-1.697395346E-4,-7.574521005E-4,2.335835714E-3
1.131857400E1,-6.370684132E-4,1.052040607E-3,6.620777771E-3
1.132863000E1,7.480416680E-4,8.824259567E-5,8.006420918E-3
1.133868500E1,1.276253723E-3,1.523691230E-3,5.638149567E-3
1.134874100E1,-3.344330704E-3,-3.985063813E-5,3.208547831E-3
1.135879600E1,1.775080920E-3,-2.663082851E-4,-8.347555995E-4
1.136885200E1,-3.773282515E-5,6.309106830E-4,-5.496352911E-3
1.137890700E1,6.922047469E-4,1.319384435E-3,-6.164794788E-3
1.138896300E1,1.261588652E-3,-1.217276556E-3,-2.359670587E-3
1.139901800E1,5.380493822E-4,4.895235179E-4,-1.479773317E-3
1.140907300E1,-2.534420928E-4,7.723512826E-4,4.170655273E-3
1.141912900E1,2.385357220E-4,9.170624544E-4,5.715992302E-3
1.142918400E1,-2.498394810E-3,5.444862763E-4,4.664842039E-3
1.143924000E1,-4.180447431E-4,5.046552978E-4,4.903743044E-3
1.144929500E1,7.356366841E-4,4.676373792E-4,-8.193901740E-4
1.145935100E1,-1.485639485E-3,6.346600130E-4,-8.960203268E-4
1.146940600E1,-1.931719016E-3,-5.991825019E-4,-5.581852049E-3
1.147946200E1,1.629881794E-3,1.071537146E-3,-5.691027269E-3
1.148951700E1,1.976359170E-3,9.090843378E-4,-3.974886145E-3
1.149957371E1,-1.341148163E-5,-6.659537321E-4,8.340706117E-4
1.150962871E1,1.765313791E-3,8.019806119E-4,3.022922203E-3
1.151968471E1,7.878866745E-4,1.951788727E-4,4.994032905E-3
1.152973971E1,-2.145318780E-3,-3.952439292E-4,4.990037531E-3
1.153979571E1,-1.432501595E-4,-6.572856219E-4,1.994149294E-3
1.154985071E1,3.273304028E-4,3.651019069E-4,1.192842610E-4
1.155990571E1,8.453265764E-6,1.656735432E-3,1.463703811E-4
1.156996171E1,1.683315262E-3,1.235537056E-4,4.443782382E-4
1.158001671E1,-4.153935879E-4,-1.175764366E-3,4.871678539E-4
1.159007271E1,1.128707197E-3,-5.589762004E-4,1.922612078E-3
1.160012771E1,-1.017672126E-3,-9.235200705E-4,-1.082073897E-3
1.161018371E1,1.359199057E-3,-6.606660900E-4,-3.412073478E-3
1.162023871E1,-1.631124178E-3,-1.254348666E-3,-3.894285066E-3
1.163029471E1,2.012080280E-3,2.074604563E-4,-3.412519116E-3