"Time (s)","X (µT)","Y (µT)","Z (µT)"
1.273845833E-2,-9.299957275E0,3.671839142E1,4.271737671E1
2.279345833E-2,-9.351577759E0,3.666380310E1,4.277143860E1
3.284945834E-2,-9.263519287E0,3.667507935E1,4.275209045E1
4.290445834E-2,-9.074203491E0,3.685318756E1,4.275812531E1
5.296045834E-2,-9.171554565E0,3.680059052E1,4.242351532E1
6.301545833E-2,-9.316345215E0,3.690187073E1,4.248396301E1
7.307145833E-2,-9.386123657E0,3.674131012E1,4.259877777E1
8.312745833E-2,-9.350059509E0,3.678050995E1,4.273988342E1
9.318245833E-2,-9.290718079E0,3.664140320E1,4.267266083E1
1.032384583E-1,-9.180038452E0,3.678651428E1,4.282942963E1
1.132934583E-1,-9.144798279E0,3.691805267E1,4.260075378E1
1.233494583E-1,-8.965904236E0,3.707080078E1,4.260113525E1
1.334044583E-1,-9.222999573E0,3.694747925E1,4.272103882E1
1.434604583E-1,-9.219795227E0,3.693933868E1,4.293804932E1
1.535154583E-1,-9.268440247E0,3.664967346E1,4.258876801E1
1.635719167E-1,-9.161567688E0,3.674193573E1,4.279660034E1
1.736269167E-1,-9.253364563E0,3.677863312E1,4.303306580E1
1.836829167E-1,-9.055717468E0,3.675051117E1,4.308582306E1
1.937379167E-1,-8.970832825E0,3.686565399E1,4.326932526E1
2.037939167E-1,-9.016029358E0,3.667292786E1,4.333327484E1
2.138489167E-1,-9.236984253E0,3.661308289E1,4.271260834E1
2.239049167E-1,-9.017616272E0,3.680135345E1,4.263663483E1
2.339599167E-1,-9.205406189E0,3.674697876E1,4.268119049E1
2.440159167E-1,-9.312690735E0,3.683933258E1,4.276679993E1
2.540709167E-1,-9.286125183E0,3.682422638E1,4.306031799E1
2.641269167E-1,-9.294746399E0,3.680638885E1,4.290790558E1
2.741819167E-1,-9.160125732E0,3.688231659E1,4.281095886E1
2.842379167E-1,-9.263557434E0,3.690482330E1,4.282963562E1
2.942939167E-1,-9.127944946E0,3.692417908E1,4.279647064E1
3.043489167E-1,-9.204605103E0,3.694514465E1,4.282275391E1
3.144049167E-1,-9.164093018E0,3.676364899E1,4.307051086E1
3.244599167E-1,-9.278732300E0,3.669534302E1,4.323981476E1
3.345159167E-1,-9.061180115E0,3.672919464E1,4.281788635E1
3.445709167E-1,-9.012969971E0,3.671318817E1,4.261144257E1
3.546269167E-1,-9.088859558E0,3.682990265E1,4.245378876E1
3.646819167E-1,-9.198471069E0,3.663426208E1,4.258232117E1
3.747379167E-1,-9.376060486E0,3.680752563E1,4.216481781E1
3.847929167E-1,-9.333023071E0,3.678189850E1,4.220370483E1
3.948489167E-1,-9.215614319E0,3.669496155E1,4.224155426E1
4.049039167E-1,-9.064018250E0,3.676369476E1,4.232354736E1
4.149599167E-1,-8.979377747E0,3.668937683E1,4.268613434E1
4.250149167E-1,-9.222732544E0,3.690643311E1,4.249872589E1
4.350709167E-1,-9.215400696E0,3.673075867E1,4.244835663E1
4.451259167E-1,-9.376670837E0,3.685147095E1,4.276551819E1
4.551819167E-1,-9.403892517E0,3.680213165E1,4.242132568E1
4.652369167E-1,-9.495918274E0,3.680129242E1,4.241078949E1
4.752929167E-1,-9.596931458E0,3.676782990E1,4.285401917E1
4.853479167E-1,-9.342155457E0,3.692711639E1,4.284816742E1
4.954039167E-1,-9.323905945E0,3.698775482E1,4.288471222E1
5.054589167E-1,-9.235130310E0,3.678656006E1,4.275656128E1
5.155149167E-1,-9.145912170E0,3.667355347E1,4.244168854E1
5.255709167E-1,-9.386909485E0,3.661346436E1,4.248976898E1
5.356259167E-1,-9.253372192E0,3.663203430E1,4.272736359E1
5.456819167E-1,-9.399047852E0,3.672955322E1,4.252316284E1
5.557369167E-1,-9.355110168E0,3.641304016E1,4.257383728E1
5.657929167E-1,-9.378509521E0,3.635752869E1,4.238736725E1
5.758479167E-1,-9.279777527E0,3.673070526E1,4.234485626E1
5.859039167E-1,-9.154945374E0,3.672249603E1,4.212802887E1
5.959589167E-1,-9.207481384E0,3.674543762E1,4.217854309E1
6.060149167E-1,-9.200546265E0,3.666925049E1,4.229373932E1
6.160699167E-1,-9.322998047E0,3.657749176E1,4.252445221E1
6.261259167E-1,-9.578170776E0,3.672291565E1,4.232924652E1
6.361809167E-1,-9.496528625E0,3.664446259E1,4.211363983E1
6.462369167E-1,-9.661041260E0,3.664488983E1,4.251015472E1
6.562919167E-1,-9.339599609E0,3.690145874E1,4.268708801E1
6.663479167E-1,-9.280128479E0,3.669117737E1,4.253128052E1
6.764029167E-1,-9.233848572E0,3.673753357E1,4.321318054E1
6.864589167E-1,-9.395149231E0,3.667881775E1,4.272663116E1
6.965139167E-1,-9.300491333E0,3.705245209E1,4.289097595E1
7.065699167E-1,-9.375556946E0,3.711415100E1,4.238571930E1
7.166249167E-1,-8.957893372E0,3.703034210E1,4.248704529E1
7.266809167E-1,-9.219284058E0,3.697189331E1,4.229917908E1
7.367359167E-1,-9.073043823E0,3.701847839E1,4.244825745E1
7.467919167E-1,-8.802917480E0,3.703432465E1,4.221812439E1
7.568469167E-1,-8.830657959E0,3.714250183E1,4.263169861E1
7.669029167E-1,-8.875366211E0,3.694737244E1,4.248089600E1
7.769589167E-1,-9.037078857E0,3.684853363E1,4.299935913E1
7.870139167E-1,-9.044586182E0,3.682581329E1,4.281804657E1
7.970699167E-1,-8.713470459E0,3.673670197E1,4.285951233E1
8.071249167E-1,-8.396751404E0,3.678903961E1,4.292537689E1
8.171809167E-1,-8.172477722E0,3.698000336E1,4.293625641E1
8.272359167E-1,-8.193977356E0,3.722566223E1,4.279505157E1
8.372919167E-1,-8.197135925E0,3.710937500E1,4.296234131E1
8.473469167E-1,-8.006118774E0,3.711212158E1,4.286000061E1
8.574029167E-1,-7.803733826E0,3.731626129E1,4.311000824E1
8.674579167E-1,-7.387077332E0,3.723804474E1,4.281253052E1
8.775139167E-1,-7.191795349E0,3.714685059E1,4.287792969E1
8.875689167E-1,-6.839370728E0,3.701190948E1,4.290892029E1
8.976249167E-1,-6.433517456E0,3.707962799E1,4.284954071E1
9.076799167E-1,-5.625648499E0,3.713607025E1,4.285367584E1
9.177359167E-1,-5.069755554E0,3.724226379E1,4.313744354E1
9.277909167E-1,-4.668838501E0,3.739092255E1,4.305406189E1
9.378469167E-1,-4.007255554E0,3.724255371E1,4.289282227E1
9.479019167E-1,-3.448577881E0,3.743432617E1,4.294887543E1
9.579579167E-1,-2.926086426E0,3.749804688E1,4.304989624E1
9.680129167E-1,-2.164825439E0,3.752086639E1,4.334358978E1
9.780689167E-1,-1.552787781E0,3.734777832E1,4.323332977E1
9.881239167E-1,-1.165306091E0,3.717987061E1,4.333735657E1
9.981799167E-1,-3.036499023E-1,3.737403870E1,4.310524750E1
1.008234917E0,1.091308594E-1,3.721783447E1,4.317507935E1
1.018290917E0,6.794128418E-1,3.728373718E1,4.315261078E1
1.028345917E0,1.179527283E0,3.735895538E1,4.317031860E1
1.038401917E0,1.820129395E0,3.723005676E1,4.339540863E1
1.048457917E0,2.221572876E0,3.700637054E1,4.302413177E1
1.058512917E0,2.752700806E0,3.707879639E1,4.275830078E1
1.068568917E0,2.695274353E0,3.733909607E1,4.235946655E1
1.078623917E0,2.824523926E0,3.754011536E1,4.254859924E1
1.088679917E0,3.458206177E0,3.768524933E1,4.218558502E1
1.098734917E0,3.707473755E0,3.780182648E1,4.216985321E1
1.108790917E0,4.317794800E0,3.801577759E1,4.206938934E1
1.118845917E0,5.196815491E0,3.792094421E1,4.206451416E1
1.128901917E0,5.913314819E0,3.797344208E1,4.177599335E1
1.138956917E0,7.028549194E0,3.774203491E1,4.186948395E1
1.149012917E0,7.924697876E0,3.754872894E1,4.184726715E1
1.159067917E0,9.343261719E0,3.705862427E1,4.163862610E1
1.169123167E0,1.060369110E1,3.680546570E1,4.160590363E1
1.179178167E0,1.218768311E1,3.646651459E1,4.128032684E1
1.189234167E0,1.359860611E1,3.587829590E1,4.130256653E1
1.199289167E0,1.528326797E1,3.535294342E1,4.131885529E1
1.209345167E0,1.665142059E1,3.456076050E1,4.159403229E1
1.219400167E0,1.776631927E1,3.370003510E1,4.153052521E1
1.229456167E0,1.875530243E1,3.291038513E1,4.198432159E1
1.239511167E0,1.952750397E1,3.238201904E1,4.230136108E1
1.249567167E0,2.028311539E1,3.175596046E1,4.228526306E1
1.259622167E0,2.113879395E1,3.120144844E1,4.199713898E1
1.269678167E0,2.180437469E1,3.041333961E1,4.265018463E1
1.279733167E0,2.247906494E1,2.993671227E1,4.268933105E1
1.289789167E0,2.284630203E1,2.910764122E1,4.267678833E1
1.299844167E0,2.340186691E1,2.850929070E1,4.342115021E1
1.309900167E0,2.382030106E1,2.799051476E1,4.336367035E1
1.319956167E0,2.437097549E1,2.719476128E1,4.334693146E1
1.330011167E0,2.475031281E1,2.634486961E1,4.348139191E1
1.340067167E0,2.514051056E1,2.575501251E1,4.413629913E1
1.350122167E0,2.541199493E1,2.484053421E1,4.429496765E1
1.360178167E0,2.559646988E1,2.431501770E1,4.495036316E1
1.370233167E0,2.582302856E1,2.387815285E1,4.468294525E1
1.380289167E0,2.596422577E1,2.314416885E1,4.534253693E1
1.390344167E0,2.609884644E1,2.250007248E1,4.553989410E1
1.400400167E0,2.639190674E1,2.170699883E1,4.545479584E1
1.410455167E0,2.627523804E1,2.111832619E1,4.602982330E1
1.420511167E0,2.636997604E1,2.052865219E1,4.624593353E1
1.430566167E0,2.656391144E1,1.988654709E1,4.608969879E1
1.440622167E0,2.674332047E1,1.923566628E1,4.632257843E1
1.450677167E0,2.662401581E1,1.898848152E1,4.691111755E1
1.460733167E0,2.648971176E1,1.850209999E1,4.692826843E1
1.470788167E0,2.668722916E1,1.782030678E1,4.702311707E1
1.480844167E0,2.686810303E1,1.701370049E1,4.752637482E1
1.490899167E0,2.687509918E1,1.660957336E1,4.735594940E1
1.500955167E0,2.693574142E1,1.617454338E1,4.751898193E1
1.511010167E0,2.681156540E1,1.565232849E1,4.784790039E1
1.521066167E0,2.706324768E1,1.506957054E1,4.816986847E1
1.531121167E0,2.685286331E1,1.495583725E1,4.839081573E1
1.541177167E0,2.684225082E1,1.475847244E1,4.836373901E1
1.551232167E0,2.677666092E1,1.427427292E1,4.835153198E1
1.561288167E0,2.691508484E1,1.428417969E1,4.841509247E1
1.571343167E0,2.697118378E1,1.420540237E1,4.833882904E1
1.581399167E0,2.692863846E1,1.382254791E1,4.827295685E1
1.591455167E0,2.700205612E1,1.341361237E1,4.843509674E1
1.601510167E0,2.717008972E1,1.319085884E1,4.866687775E1
1.611566167E0,2.740601730E1,1.285988808E1,4.870041656E1
1.621621167E0,2.730233002E1,1.263740730E1,4.837934113E1
1.631677167E0,2.750075531E1,1.250358009E1,4.812730408E1
1.641732167E0,2.773044586E1,1.245899582E1,4.769702911E1
1.651788167E0,2.784225464E1,1.193043900E1,4.795632172E1
1.661843167E0,2.800292587E1,1.171215248E1,4.792819977E1
1.671899167E0,2.832599640E1,1.153997231E1,4.820596313E1
1.681954167E0,2.904101944E1,1.114146996E1,4.769403839E1
1.692010167E0,2.938331985E1,1.094408607E1,4.735158539E1
1.702065167E0,3.017553329E1,1.016681004E1,4.681406403E1
1.712121167E0,3.092404556E1,9.553203583E0,4.634592438E1
1.722176167E0,3.171325684E1,8.927330971E0,4.544419098E1
1.732232167E0,3.273289871E1,8.078315735E0,4.494569397E1
1.742287167E0,3.389655304E1,7.359289169E0,4.399818420E1
1.752343167E0,3.504060745E1,6.410252571E0,4.331499481E1
1.762398167E0,3.648427582E1,5.421668053E0,4.240068817E1
1.772454167E0,3.791289139E1,4.417221069E0,4.126404572E1
1.782509167E0,3.901470566E1,2.999827385E0,3.968099213E1
1.792565167E0,4.007199860E1,2.117768288E0,3.879626465E1
1.802620167E0,4.069728470E1,8.953552246E-1,3.784728241E1
1.812676167E0,4.107356644E1,1.361737251E-1,3.722852325E1
1.822731167E0,4.119725418E1,-4.214358330E-1,3.656448364E1
1.832787167E0,4.131618118E1,-7.079739571E-1,3.657451630E1
1.842842167E0,4.124126053E1,-8.010964394E-1,3.693144226E1
1.852898167E0,4.111529922E1,-1.060591221E0,3.712308502E1
1.862954167E0,4.102675629E1,-8.450517654E-1,3.710142517E1
1.873009167E0,4.035682678E1,-7.489509583E-1,3.723552704E1
1.883065167E0,4.044603348E1,-6.219911575E-1,3.750568390E1
1.893120167E0,4.024038315E1,-4.515252113E-1,3.774193573E1
1.903176167E0,4.047564697E1,-6.450924873E-1,3.756408691E1
1.913231167E0,4.031618500E1,-4.235396385E-1,3.750077057E1
1.923287167E0,4.056612396E1,-5.730180740E-1,3.737198639E1
1.933342167E0,4.040502167E1,-7.672824860E-1,3.735187531E1
1.943398167E0,4.077735138E1,-7.259654999E-1,3.679405975E1
1.953453167E0,4.096347427E1,-9.519672394E-1,3.715147400E1
1.963509167E0,4.091118240E1,-9.193558693E-1,3.701616669E1
1.973564167E0,4.091980362E1,-8.006739616E-1,3.726689148E1
1.983620167E0,4.072178650E1,-7.313861847E-1,3.734859467E1
1.993675167E0,4.104992294E1,-7.017221451E-1,3.763047028E1
2.003731167E0,4.095164871E1,-6.546802521E-1,3.774089813E1
2.013786167E0,4.079686737E1,-5.656003952E-1,3.777635956E1
2.023842167E0,4.083724976E1,-4.174861908E-1,3.787289429E1
2.033897167E0,4.055759430E1,-2.548513412E-1,3.771793365E1
2.043953167E0,4.051826859E1,-2.886767387E-1,3.770111847E1
2.054008167E0,4.070310593E1,-2.602939606E-1,3.769639587E1
2.064064167E0,4.064091873E1,-2.215051651E-2,3.764460754E1
2.074119167E0,4.082291794E1,1.286106110E-1,3.757262421E1
2.084175167E0,4.071174240E1,-4.850864410E-3,3.724188232E1
2.094230167E0,4.083624268E1,2.462964058E-1,3.735598755E1
2.104286167E0,4.069807816E1,8.298349380E-2,3.721316528E1
2.114341167E0,4.064485931E1,2.270221710E-3,3.734072113E1
2.124397167E0,4.080742645E1,2.086000443E-1,3.750115967E1
2.134453167E0,4.091723633E1,3.968634605E-1,3.784481812E1
2.144508167E0,4.099224091E1,3.799386024E-1,3.748180389E1
2.154564167E0,4.087617493E1,4.668269157E-1,3.753038788E1
2.164619167E0,4.081439972E1,7.690734863E-1,3.746023560E1
2.174675167E0,4.094435883E1,8.474760056E-1,3.722280121E1
2.184730167E0,4.097983170E1,1.082444668E0,3.719998169E1
2.194786167E0,4.067384338E1,1.294381618E0,3.734819031E1
2.204841167E0,4.078372192E1,1.473990917E0,3.745550537E1
2.214897167E0,4.059240723E1,1.442988396E0,3.780231476E1
2.224952167E0,4.051296997E1,1.509005070E0,3.766825104E1
2.235008167E0,4.060516739E1,1.649660110E0,3.776442719E1
2.245063167E0,4.036140060E1,1.966826916E0,3.781652069E1
2.255119167E0,4.017963028E1,1.810099602E0,3.776225281E1
2.265174167E0,4.029467010E1,1.863344193E0,3.770684052E1
2.275230167E0,4.039966583E1,2.109120369E0,3.755168915E1
2.285285167E0,4.035048294E1,1.754755020E0,3.727989960E1
2.295341167E0,4.029513550E1,1.986618996E0,3.768581390E1
2.305396167E0,4.050973129E1,2.046180248E0,3.756799316E1
2.315452167E0,4.072270584E1,2.042129517E0,3.730707550E1
2.325507167E0,4.077037430E1,2.086703777E0,3.725939941E1
2.335563167E0,4.074934769E1,2.061871529E0,3.734634399E1
2.345618167E0,4.098036194E1,2.032972336E0,3.740898132E1
2.355674167E0,4.073685837E1,1.892925739E0,3.691571808E1
2.365729167E0,4.096030045E1,1.985685349E0,3.714974976E1
2.375785167E0,4.098414993E1,1.935008049E0,3.706787109E1
2.385840167E0,4.111711502E1,2.034340382E0,3.708702087E1
2.395896167E0,4.133983231E1,1.926226616E0,3.720432281E1
2.405952167E0,4.131275940E1,1.877401352E0,3.732994080E1
2.416007167E0,4.138257980E1,1.733997822E0,3.721105194E1
2.426063167E0,4.126092529E1,1.765698910E0,3.694329071E1
2.436118167E0,4.128682709E1,1.624986649E0,3.705995178E1
2.446174167E0,4.138256454E1,1.536897182E0,3.727498627E1
2.456229167E0,4.139626694E1,1.065274715E0,3.734704590E1
2.466285167E0,4.137394714E1,6.256608963E-1,3.768771362E1
2.476340167E0,4.138220978E1,2.443876266E-1,3.833109283E1
2.486396167E0,4.133221817E1,-1.307058334E-1,3.851114655E1
2.496451167E0,4.160310745E1,-6.387872696E-1,3.953292084E1
2.506507167E0,4.120508575E1,-1.404293537E0,4.029215240E1
2.516562167E0,4.100348282E1,-1.749269962E0,4.141260529E1
2.526618167E0,4.090119553E1,-2.499323845E0,4.275944519E1
2.536673167E0,4.069868469E1,-3.001884460E0,4.449755859E1
2.546729167E0,4.041220474E1,-3.250999689E0,4.645632172E1
2.556784167E0,3.993333817E1,-3.208395720E0,4.858063507E1
2.566840167E0,3.914228439E1,-2.947516680E0,5.094073486E1
2.576895167E0,3.816578674E1,-2.495716572E0,5.354739380E1
2.586951167E0,3.750140762E1,-1.872198820E0,5.586790466E1
2.597006167E0,3.687215424E1,-7.777638435E-1,5.791016388E1
2.607062167E0,3.601247025E1,7.417192459E-1,6.060348511E1
2.617117167E0,3.569644928E1,2.899014473E0,6.264465714E1
2.627173167E0,3.512790680E1,5.541291237E0,6.511172485E1
2.637228167E0,3.490113068E1,8.648662567E0,6.732981110E1
2.647284167E0,3.455941010E1,1.217834473E1,6.928105927E1
2.657339167E0,3.430868530E1,1.607461548E1,7.131649780E1
2.667395167E0,3.385303116E1,2.067340660E1,7.283290100E1
2.677450167E0,3.363594055E1,2.598004150E1,7.384986877E1
2.687506167E0,3.294973755E1,3.162788200E1,7.500770569E1
2.697562167E0,3.206738663E1,3.746333313E1,7.480889893E1
2.707617167E0,3.115015793E1,4.362768555E1,7.473471069E1
2.717673167E0,2.986408234E1,4.965259552E1,7.393041229E1
2.727728167E0,2.876323318E1,5.533127594E1,7.231988525E1
2.737784167E0,2.737568665E1,6.062447357E1,6.941030121E1
2.747839167E0,2.548046112E1,6.473023224E1,6.476843262E1
2.757895167E0,2.300492859E1,6.735808563E1,5.889826965E1
2.767950167E0,1.747215652E1,6.775321198E1,5.007606506E1
2.778006167E0,1.252247238E1,6.486766052E1,4.469280243E1
2.788061167E0,1.214451981E1,6.126766205E1,4.604430389E1
2.798117167E0,1.163967514E1,6.048326874E1,4.667834473E1
2.808172167E0,1.180930328E1,6.072784424E1,4.666471863E1
2.818228167E0,1.173468781E1,6.091889954E1,4.657357025E1
2.828283167E0,1.144499207E1,6.090231323E1,4.677047729E1
2.838339167E0,1.140855408E1,6.128232574E1,4.711090088E1
2.848394167E0,1.107438660E1,6.157432556E1,4.679567719E1
2.858450167E0,1.077693939E1,6.209681702E1,4.702701569E1
2.868505167E0,1.098952484E1,6.219096375E1,4.718968964E1
2.878561167E0,1.092055511E1,6.245473480E1,4.723278046E1
2.888616167E0,1.061283875E1,6.264200592E1,4.734931183E1
2.898672167E0,1.052058411E1,6.300680542E1,4.748278809E1
2.908727167E0,1.052600861E1,6.347439575E1,4.762223053E1
2.918783167E0,1.033848572E1,6.372851562E1,4.774395752E1
2.928838167E0,9.980590820E0,6.421916962E1,4.808670807E1
2.938894167E0,9.675933838E0,6.459275055E1,4.776014709E1
2.948949167E0,9.409362793E0,6.501375580E1,4.841197205E1
2.959005167E0,9.066261292E0,6.541295624E1,4.882080078E1
2.969060167E0,8.460571289E0,6.600337982E1,4.889484406E1
2.979116167E0,8.019104004E0,6.681224060E1,4.884021759E1
2.989171167E0,7.526283264E0,6.768473816E1,4.890733337E1
2.999227167E0,7.010025024E0,6.850650024E1,4.934189606E1
3.009282167E0,6.330818176E0,6.937095642E1,4.972839355E1
3.019338167E0,5.605728149E0,7.045987701E1,5.014926147E1
3.029394167E0,4.963806152E0,7.121429443E1,5.028598785E1
3.039449167E0,4.235961914E0,7.214917755E1,5.030467224E1
3.049505167E0,3.462844849E0,7.343810272E1,5.044203186E1
3.059560167E0,2.928779602E0,7.463352203E1,5.032682800E1
3.069616167E0,1.873703003E0,7.608776093E1,5.030273438E1
3.079671167E0,5.611953735E-1,7.735978699E1,5.068447876E1
3.089727167E0,-6.702575684E-1,7.884824371E1,5.080848694E1
3.099782167E0,-1.843444824E0,8.031479645E1,5.076782227E1
3.109838167E0,-3.074874878E0,8.164966583E1,5.078735352E1
3.119893167E0,-4.314483643E0,8.299907684E1,5.047795868E1
3.129949167E0,-5.613975525E0,8.412050629E1,5.043949890E1
3.140004167E0,-6.552703857E0,8.518556976E1,5.037763977E1
3.150060167E0,-7.473304749E0,8.605445099E1,5.003238678E1
3.160115167E0,-8.481399536E0,8.691584015E1,5.003471375E1
3.170171333E0,-9.369293213E0,8.804878998E1,4.963317871E1
3.180226333E0,-1.036705017E1,8.852051544E1,4.940793610E1
3.190282333E0,-1.131506348E1,8.921667480E1,4.939216614E1
3.200337333E0,-1.192214203E1,8.983526611E1,4.906808472E1
3.210393333E0,-1.245824432E1,9.034692383E1,4.902812195E1
3.220448333E0,-1.292260742E1,9.100284576E1,4.890420532E1
3.230504333E0,-1.360333252E1,9.149835205E1,4.833245087E1
3.240559333E0,-1.409361267E1,9.167749786E1,4.794930267E1
3.250615333E0,-1.479092407E1,9.197265625E1,4.818636322E1
3.260670333E0,-1.541708374E1,9.235923004E1,4.794554138E1
3.270726333E0,-1.584556580E1,9.259735107E1,4.765965271E1
3.280781333E0,-1.659510040E1,9.283816528E1,4.772183228E1
3.290837333E0,-1.738912201E1,9.322323608E1,4.738945007E1
3.300892333E0,-1.803510284E1,9.364125061E1,4.760825348E1
3.310948333E0,-1.884044647E1,9.387403107E1,4.764055634E1
3.321003333E0,-1.948976898E1,9.393091583E1,4.724354553E1
3.331059333E0,-2.054962158E1,9.433673096E1,4.747948456E1
3.341114333E0,-2.104613495E1,9.470453644E1,4.727249146E1
3.351170333E0,-2.166587067E1,9.453598022E1,4.721902466E1
3.361226333E0,-2.209423828E1,9.485305023E1,4.772476196E1
3.371281333E0,-2.275366974E1,9.476159668E1,4.751251984E1
3.381337333E0,-2.336407471E1,9.505492401E1,4.721315765E1
3.391392333E0,-2.381267548E1,9.512889099E1,4.720780182E1
3.401448333E0,-2.419445801E1,9.522463989E1,4.715333557E1
3.411503333E0,-2.432395172E1,9.533022308E1,4.716015625E1
3.421559333E0,-2.471957397E1,9.552050018E1,4.696843719E1
3.431614333E0,-2.496656799E1,9.576288605E1,4.676977539E1
3.441670333E0,-2.567966461E1,9.586894226E1,4.655821228E1
3.451725333E0,-2.630621338E1,9.639965057E1,4.594904327E1
3.461781333E0,-2.665260315E1,9.692050934E1,4.562850189E1
3.471836333E0,-2.718106842E1,9.746196747E1,4.491323853E1
3.481892333E0,-2.769994354E1,9.778360748E1,4.421198273E1
3.491947333E0,-2.739797974E1,9.780397797E1,4.441622925E1
3.502003333E0,-2.715415192E1,9.768039703E1,4.462703705E1
3.512058333E0,-2.708502960E1,9.709863281E1,4.537330627E1
3.522114333E0,-2.692233276E1,9.721387482E1,4.526506042E1
3.532169333E0,-2.664538574E1,9.700621796E1,4.545462036E1
3.542225333E0,-2.630701447E1,9.650727081E1,4.594357300E1
3.552280333E0,-2.597254181E1,9.608664703E1,4.639346313E1
3.562336333E0,-2.547566986E1,9.561907959E1,4.713063812E1
3.572391333E0,-2.494366455E1,9.510445404E1,4.767710876E1
3.582447333E0,-2.419937897E1,9.470578766E1,4.828349304E1
3.592502333E0,-2.364346313E1,9.384959412E1,4.816828918E1
3.602558333E0,-2.278623962E1,9.310326385E1,4.885343170E1
3.612613333E0,-2.240639496E1,9.216109467E1,4.997423553E1
3.622669333E0,-2.323171234E1,9.160179138E1,5.038756561E1
3.632724333E0,-2.422584534E1,9.164412689E1,5.046626282E1
3.642780333E0,-2.483803558E1,9.168315887E1,5.055544281E1
3.652835333E0,-2.525942993E1,9.170778656E1,5.058533478E1
3.662891333E0,-2.555493927E1,9.174610901E1,5.058050537E1
3.672946333E0,-2.594285583E1,9.185404205E1,5.058810425E1
3.683002333E0,-2.670523834E1,9.190666962E1,5.059283447E1
3.693057333E0,-2.738275909E1,9.202738953E1,5.075485992E1
3.703113333E0,-2.797463989E1,9.199760437E1,5.078789520E1
3.713168333E0,-2.882946777E1,9.212122345E1,5.035988617E1
3.723224333E0,-2.908666992E1,9.238054657E1,5.053601074E1
3.733280333E0,-2.973074341E1,9.206896973E1,5.036425018E1
3.743335333E0,-3.043015289E1,9.208661652E1,5.042224884E1
3.753391333E0,-3.110354614E1,9.202780151E1,5.016191864E1
3.763446333E0,-3.147974396E1,9.232527924E1,5.027267456E1
3.773502333E0,-3.211939240E1,9.209696960E1,5.021246338E1
3.783557333E0,-3.258776855E1,9.203189087E1,5.014851379E1
3.793613333E0,-3.296454620E1,9.192808533E1,5.039929962E1
3.803668333E0,-3.327188110E1,9.174372101E1,5.050632477E1
3.813724333E0,-3.356858063E1,9.158471680E1,5.022138214E1
3.823779333E0,-3.389444733E1,9.188047028E1,5.030628967E1
3.833835333E0,-3.434867859E1,9.176140594E1,5.067333984E1
3.843890333E0,-3.429683685E1,9.159104156E1,5.059249878E1
3.853946333E0,-3.428418732E1,9.171978760E1,5.051046753E1
3.864001333E0,-3.446996307E1,9.166456604E1,5.007958984E1
3.874057333E0,-3.490798187E1,9.148383331E1,5.007361603E1
3.884112333E0,-3.500986481E1,9.158574677E1,5.000198364E1
3.894168333E0,-3.493266296E1,9.152120209E1,5.003867340E1
3.904223333E0,-3.496809387E1,9.163479614E1,4.986321259E1
3.914279333E0,-3.504277039E1,9.163265991E1,4.996623993E1
3.924334333E0,-3.527191162E1,9.175062561E1,4.993650818E1
3.934390333E0,-3.507220459E1,9.192974854E1,4.983583069E1
3.944445333E0,-3.538677979E1,9.172074890E1,4.974582672E1
3.954501333E0,-3.539545441E1,9.163009644E1,5.013507080E1
3.964556333E0,-3.556195831E1,9.134969330E1,5.008679199E1
3.974612333E0,-3.575073242E1,9.138357544E1,5.002424622E1
3.984667333E0,-3.583458710E1,9.152172089E1,5.019972229E1
3.994723333E0,-3.589810181E1,9.143609619E1,4.985586548E1
4.004778333E0,-3.587309265E1,9.153371429E1,4.994461060E1
4.014834333E0,-3.587325287E1,9.157244110E1,4.997039795E1
4.024889333E0,-3.578822327E1,9.148947906E1,5.001847076E1
4.034945333E0,-3.582334137E1,9.163159180E1,4.999809265E1
4.045000333E0,-3.603909302E1,9.150313568E1,5.042435455E1
4.055056333E0,-3.614862061E1,9.155975342E1,5.048404694E1
4.065111333E0,-3.599338531E1,9.156110382E1,5.091910553E1
4.075167333E0,-3.625150299E1,9.140056610E1,5.052919006E1
4.085222333E0,-3.625150299E1,9.140056610E1,5.052919006E1
4.095278333E0,-3.601783752E1,9.138076019E1,5.040334320E1
4.105333333E0,-3.595841980E1,9.145968628E1,5.006750488E1
4.115389333E0,-3.575314331E1,9.133972168E1,5.014842224E1
4.125445333E0,-3.574770355E1,9.145166016E1,5.020554352E1
4.135500333E0,-3.590753174E1,9.128659058E1,5.014183044E1
4.145556333E0,-3.588421631E1,9.126726532E1,5.025985718E1
4.155611333E0,-3.589969635E1,9.146428680E1,5.024981689E1
4.165667542E0,-3.586182404E1,9.138172150E1,4.997937012E1
4.175722542E0,-3.565029144E1,9.104866028E1,4.997257996E1
4.185778542E0,-3.580948639E1,9.127439880E1,4.983715820E1
4.195833542E0,-3.580841064E1,9.140501404E1,5.035946655E1
4.205889542E0,-3.591441345E1,9.146025085E1,5.012240601E1
4.215944542E0,-3.607658386E1,9.122512817E1,5.017060089E1
4.226000542E0,-3.606687164E1,9.134527588E1,5.012332916E1
4.236055542E0,-3.599150085E1,9.135793304E1,4.966577911E1
4.246111542E0,-3.597132874E1,9.127828217E1,4.971954346E1
4.256166542E0,-3.589203644E1,9.124937439E1,4.986090851E1
4.266222542E0,-3.586103058E1,9.145383453E1,5.011405945E1
4.276277542E0,-3.590917206E1,9.162680054E1,4.965094757E1
4.286333542E0,-3.615677643E1,9.169577026E1,4.977955627E1
4.296388542E0,-3.589494324E1,9.159038544E1,4.996730804E1
4.306444542E0,-3.577620697E1,9.152658081E1,5.005464935E1
4.316499542E0,-3.561721039E1,9.150260162E1,4.987399292E1
4.326555542E0,-3.567707062E1,9.145902252E1,5.002593231E1
4.336610542E0,-3.596271515E1,9.155073547E1,4.992904663E1
4.346666542E0,-3.610494232E1,9.157704926E1,5.021392059E1
4.356721542E0,-3.592704010E1,9.160718536E1,5.000495148E1
4.366777542E0,-3.588172150E1,9.153422546E1,4.995293427E1
4.376832542E0,-3.608146667E1,9.149987793E1,4.982286835E1
4.386888542E0,-3.595249176E1,9.175212097E1,4.991813660E1
4.396943542E0,-3.571816254E1,9.169469452E1,5.000536346E1
4.406999542E0,-3.583709717E1,9.179734039E1,5.035507202E1
4.417054542E0,-3.588093567E1,9.185916901E1,5.016632080E1
4.427110542E0,-3.580896759E1,9.178045654E1,5.023569489E1
4.437165542E0,-3.551265717E1,9.195751190E1,4.996591187E1
4.447221542E0,-3.571159363E1,9.176488495E1,5.003422546E1
4.457276542E0,-3.597314453E1,9.185147858E1,4.987571716E1
4.467332542E0,-3.561517334E1,9.185434723E1,4.982746124E1
4.477387542E0,-3.588002777E1,9.175872040E1,4.998179626E1
4.487443542E0,-3.604254913E1,9.189912415E1,5.007983398E1
4.497498542E0,-3.598202515E1,9.188532257E1,5.038447571E1
4.507554542E0,-3.599578857E1,9.143800354E1,5.010694885E1
4.517609542E0,-3.594282532E1,9.167965698E1,5.005449677E1
4.527665542E0,-3.587502289E1,9.162531281E1,4.982437897E1
4.537720542E0,-3.587113953E1,9.151520538E1,4.998190308E1
4.547776542E0,-3.585852051E1,9.138887787E1,5.000470734E1
4.557831542E0,-3.609023285E1,9.151078796E1,4.989743805E1
4.567887542E0,-3.603449249E1,9.151136017E1,4.971046448E1
4.577943542E0,-3.617828369E1,9.145639801E1,4.988523102E1
4.587998542E0,-3.631811523E1,9.137863159E1,5.007984924E1
4.598054542E0,-3.607620239E1,9.146981049E1,5.014009094E1
4.608109542E0,-3.606479645E1,9.142936707E1,5.018769836E1
4.618165542E0,-3.614538574E1,9.175888062E1,5.028395844E1
4.628220542E0,-3.601827240E1,9.161134338E1,5.046829224E1
4.638276542E0,-3.629087067E1,9.147842407E1,5.030492401E1
4.648331542E0,-3.617376709E1,9.156647491E1,5.080342102E1
4.658387542E0,-3.622439575E1,9.141486359E1,5.061204529E1
4.668442542E0,-3.625478363E1,9.143021393E1,5.046559906E1
4.678498542E0,-3.618402863E1,9.155174255E1,5.014966583E1
4.688553542E0,-3.618972015E1,9.153882599E1,5.010190582E1
4.698609542E0,-3.630003357E1,9.152466583E1,5.012882996E1
4.708664542E0,-3.613578796E1,9.155188751E1,4.968502808E1
4.718720542E0,-3.615620422E1,9.160251617E1,4.970621490E1
4.728775542E0,-3.595191956E1,9.161846161E1,4.977845001E1
4.738831542E0,-3.632830048E1,9.167794037E1,4.972051239E1
4.748886542E0,-3.598166656E1,9.177175140E1,4.977189636E1
4.758942542E0,-3.582991028E1,9.143473053E1,5.002757263E1
4.768997542E0,-3.571917725E1,9.153072357E1,4.973261261E1
4.779053542E0,-3.553734589E1,9.160542297E1,4.987181091E1
4.789108542E0,-3.604200745E1,9.149340820E1,5.019519806E1
4.799164542E0,-3.599492645E1,9.149474335E1,4.990121460E1
4.809219542E0,-3.606363678E1,9.159281158E1,4.992034912E1
4.819275542E0,-3.610994720E1,9.161418152E1,5.020899200E1
4.829330542E0,-3.589264679E1,9.178600311E1,5.005886841E1
4.839386542E0,-3.584977722E1,9.159389496E1,5.014674377E1
4.849441542E0,-3.602265167E1,9.155867004E1,5.006561279E1
4.859497542E0,-3.620079803E1,9.187155151E1,5.037982941E1
4.869552542E0,-3.603691864E1,9.188446808E1,5.033473206E1
4.879608542E0,-3.565973663E1,9.172312927E1,4.994508362E1
4.889663542E0,-3.599694061E1,9.191872406E1,5.027706146E1
4.899719542E0,-3.607981110E1,9.178794098E1,5.029668427E1
4.909774542E0,-3.589084625E1,9.186272430E1,5.026361084E1
4.919830542E0,-3.600684357E1,9.168937683E1,5.033260345E1
4.929885542E0,-3.579866028E1,9.156306458E1,5.019200897E1
4.939941542E0,-3.612389374E1,9.177416229E1,5.023175812E1
4.949996542E0,-3.611621094E1,9.199049377E1,5.017469788E1
4.960052542E0,-3.617798615E1,9.181728363E1,5.005429077E1
4.970107542E0,-3.596833038E1,9.177565765E1,4.994233704E1
4.980163542E0,-3.610626221E1,9.176023102E1,5.027269745E1
4.990218542E0,-3.588397217E1,9.175273132E1,5.063585663E1
5.000274542E0,-3.609046936E1,9.163702393E1,5.024500275E1
5.010329542E0,-3.595880890E1,9.180537415E1,5.027516937E1
5.020385542E0,-3.577149963E1,9.159464264E1,5.015410614E1
5.030441542E0,-3.607238770E1,9.170507050E1,5.016660309E1
5.040496542E0,-3.604423523E1,9.168342590E1,5.031414032E1
5.050552542E0,-3.590534210E1,9.163950348E1,5.046723938E1
5.060607542E0,-3.585201263E1,9.157106018E1,5.003285217E1
5.070663542E0,-3.573210907E1,9.139422607E1,4.988537598E1
5.080718542E0,-3.617829132E1,9.155867767E1,4.986160278E1
5.090774542E0,-3.631256104E1,9.178828430E1,5.009614563E1
5.100829542E0,-3.638784027E1,9.174085236E1,5.019561005E1
5.110885542E0,-3.621244812E1,9.168672180E1,5.039841461E1
5.120940542E0,-3.629267883E1,9.167973328E1,5.017658234E1
5.130996542E0,-3.614309692E1,9.163734436E1,5.017345428E1
5.141051542E0,-3.611415100E1,9.163304901E1,5.034089661E1
5.151107542E0,-3.588223267E1,9.171033478E1,4.997428131E1
5.161162542E0,-3.586988831E1,9.179412842E1,5.048131561E1
5.171218083E0,-3.594367218E1,9.178209686E1,5.040187073E1
5.181273083E0,-3.576516724E1,9.161644745E1,5.011798859E1
5.191329083E0,-3.588429260E1,9.175356293E1,4.987828827E1
5.201384083E0,-3.614237976E1,9.176686859E1,4.991051483E1
5.211440083E0,-3.620096588E1,9.183296204E1,5.038410950E1
5.221495083E0,-3.625189209E1,9.189369202E1,5.005007172E1
5.231551083E0,-3.620354462E1,9.197015381E1,5.010993195E1
5.241606083E0,-3.606298828E1,9.174256897E1,5.028268433E1
5.251662083E0,-3.606372833E1,9.168090057E1,5.025042725E1
5.261717083E0,-3.618302155E1,9.177622223E1,5.027436829E1
5.271773083E0,-3.604368591E1,9.186167145E1,5.033265686E1
5.281828083E0,-3.613759613E1,9.187485504E1,5.011531067E1
5.291884083E0,-3.607202148E1,9.164193726E1,5.022879028E1
5.301939083E0,-3.597347260E1,9.163375854E1,5.033709717E1
5.311995083E0,-3.582171631E1,9.181753540E1,5.018382263E1
5.322050083E0,-3.607592773E1,9.192970276E1,5.031194305E1
5.332106083E0,-3.621875000E1,9.171861267E1,5.061688995E1
5.342161083E0,-3.587113190E1,9.144628906E1,5.020114136E1
5.352217083E0,-3.588726044E1,9.149663544E1,5.046655273E1
5.362272083E0,-3.577692413E1,9.159080505E1,5.032656860E1
5.372328083E0,-3.556704712E1,9.166544342E1,5.051335144E1
5.382383083E0,-3.571600342E1,9.189057159E1,5.094658661E1
5.392439083E0,-3.581680298E1,9.183728027E1,5.030583191E1
5.402494083E0,-3.591030121E1,9.197506714E1,5.040257263E1
5.412550083E0,-3.626710510E1,9.175708008E1,5.008742523E1
5.422605083E0,-3.621789551E1,9.168228912E1,5.047650146E1
5.432661083E0,-3.598836517E1,9.184608459E1,5.056053162E1
5.442716083E0,-3.589505005E1,9.170939636E1,5.010993958E1
5.452772083E0,-3.610639191E1,9.188658905E1,5.046347809E1
5.462827083E0,-3.610639191E1,9.188658905E1,5.046347809E1
5.472883083E0,-3.606334686E1,9.176232147E1,5.059924316E1
5.482938083E0,-3.603459167E1,9.168031311E1,5.034584808E1
5.492994083E0,-3.616683960E1,9.173396301E1,5.042703247E1
5.503049083E0,-3.600165558E1,9.198498535E1,5.032643890E1
5.513105083E0,-3.601671600E1,9.172676086E1,5.009635925E1
5.523160083E0,-3.606700134E1,9.169922638E1,5.005892944E1
5.533216083E0,-3.613941956E1,9.169020844E1,4.986076355E1
5.543271083E0,-3.616104126E1,9.183080292E1,5.021840668E1
5.553327083E0,-3.596584320E1,9.176589966E1,5.002793121E1
5.563383083E0,-3.617870331E1,9.182033539E1,4.986132812E1
5.573438083E0,-3.608084869E1,9.177322388E1,4.996938324E1
5.583494083E0,-3.583257294E1,9.164365387E1,4.995277405E1
5.593549083E0,-3.628239441E1,9.184554291E1,5.023518372E1
5.603605083E0,-3.598346710E1,9.190914917E1,4.980830383E1
5.613660083E0,-3.613331604E1,9.169138336E1,4.990698242E1
5.623716083E0,-3.618120575E1,9.165316772E1,5.001628113E1
5.633771083E0,-3.621675110E1,9.163123322E1,4.995488739E1
5.643827083E0,-3.615547180E1,9.185007477E1,4.959841156E1
5.653882083E0,-3.589256287E1,9.196463013E1,4.987499237E1
5.663938083E0,-3.591726685E1,9.163768768E1,5.000570679E1
5.673993083E0,-3.611299896E1,9.165958405E1,4.960684967E1
5.684049083E0,-3.587979889E1,9.170382690E1,5.002299500E1
5.694104083E0,-3.623006439E1,9.189562988E1,5.018952942E1
5.704160083E0,-3.603321075E1,9.175743103E1,5.028600311E1
5.714215083E0,-3.593322754E1,9.192377472E1,5.014389038E1
5.724271083E0,-3.605100250E1,9.172934723E1,4.992658234E1
5.734326083E0,-3.620419312E1,9.181350708E1,4.983523560E1
5.744382083E0,-3.627950287E1,9.160063171E1,4.981133270E1
5.754437083E0,-3.597190857E1,9.168515015E1,4.997711945E1
5.764493083E0,-3.612390137E1,9.165332794E1,5.018508911E1
5.774548083E0,-3.604382324E1,9.177950287E1,5.021760559E1
5.784604083E0,-3.618374634E1,9.166847992E1,5.018790436E1
5.794659083E0,-3.617955780E1,9.165884399E1,5.023800659E1
5.804715083E0,-3.617866516E1,9.170840454E1,5.002867889E1
5.814770083E0,-3.621591187E1,9.166988373E1,5.021897125E1
5.824826083E0,-3.632244110E1,9.176473999E1,5.047486115E1
5.834881083E0,-3.633403015E1,9.169443512E1,5.004112244E1
5.844937083E0,-3.636210632E1,9.200323486E1,5.000514221E1
5.854992083E0,-3.622803497E1,9.172389221E1,5.023624420E1
5.865048083E0,-3.625485229E1,9.164350128E1,5.040676117E1
5.875103083E0,-3.624002838E1,9.175253296E1,5.046459198E1
5.885159083E0,-3.609674072E1,9.168375397E1,5.051538086E1
5.895214083E0,-3.618315887E1,9.184487152E1,5.039116669E1
5.905270083E0,-3.607370758E1,9.141173553E1,5.015557098E1
5.915325083E0,-3.606961823E1,9.153745270E1,4.995851135E1
5.925381083E0,-3.622653961E1,9.149897003E1,5.008142853E1
5.935436083E0,-3.617337036E1,9.142530060E1,5.004010773E1
5.945492083E0,-3.650322723E1,9.146685028E1,5.013278961E1
5.955547083E0,-3.615924835E1,9.135214233E1,4.982345581E1
5.965603083E0,-3.605597687E1,9.135235596E1,4.989868164E1
5.975658083E0,-3.614161682E1,9.161473083E1,5.018642426E1
5.985714083E0,-3.617443085E1,9.161876678E1,5.013524628E1
5.995769083E0,-3.627972412E1,9.167304993E1,4.999287415E1
6.005825083E0,-3.618489838E1,9.153110504E1,5.002150726E1
6.015880083E0,-3.620806885E1,9.139560699E1,4.979187012E1
6.025936083E0,-3.614704132E1,9.133889771E1,4.977745819E1
6.035991083E0,-3.633309174E1,9.154180145E1,4.967675018E1
6.046047083E0,-3.629432678E1,9.156402588E1,4.974257660E1
6.056102083E0,-3.624618530E1,9.160581970E1,4.972259521E1
6.066158083E0,-3.601781464E1,9.143717194E1,4.990716553E1
6.076213083E0,-3.617686462E1,9.151230621E1,4.949840546E1
6.086269083E0,-3.629550171E1,9.147523499E1,4.960333252E1
6.096324083E0,-3.624743652E1,9.134395599E1,4.984219360E1
6.106380083E0,-3.626865387E1,9.144879150E1,4.976194000E1
6.116435083E0,-3.606678009E1,9.148141479E1,5.019945526E1
6.126491083E0,-3.578430176E1,9.142494202E1,4.972268677E1
6.136546083E0,-3.610337830E1,9.132064819E1,4.988243103E1
6.146602083E0,-3.609496307E1,9.159355164E1,5.022294617E1
6.156657083E0,-3.613750458E1,9.155300140E1,5.009989929E1
6.166712833E0,-3.594464874E1,9.159361267E1,5.035595703E1
6.176768833E0,-3.625233459E1,9.124239349E1,5.012080383E1
6.186823833E0,-3.595500183E1,9.128630066E1,5.020440674E1
6.196879833E0,-3.595191193E1,9.130541229E1,5.009808350E1
6.206934833E0,-3.593717194E1,9.128433228E1,5.041242981E1
6.216990833E0,-3.596099854E1,9.142890930E1,5.015991211E1
6.227045833E0,-3.582775879E1,9.148162079E1,5.019399261E1
6.237101833E0,-3.610789490E1,9.141272736E1,5.017783356E1
6.247156833E0,-3.610165405E1,9.134117126E1,5.031735992E1
6.257212833E0,-3.594734192E1,9.148036957E1,5.026968384E1
6.267267833E0,-3.617556000E1,9.164265442E1,5.006430817E1
6.277323833E0,-3.619459534E1,9.150857544E1,5.005927277E1
6.287378833E0,-3.602532196E1,9.127887726E1,4.971623230E1
6.297434833E0,-3.624812317E1,9.114490509E1,5.009867096E1
6.307489833E0,-3.625661469E1,9.130997467E1,4.996222687E1
6.317545833E0,-3.626206970E1,9.161352539E1,4.971251678E1
6.327600833E0,-3.617063904E1,9.165235138E1,4.961212921E1
6.337656833E0,-3.618345642E1,9.136823273E1,4.954811096E1
6.347711833E0,-3.596013641E1,9.139234924E1,4.949932861E1
6.357767833E0,-3.595426941E1,9.138386536E1,4.971991730E1
6.367822833E0,-3.597251892E1,9.118464661E1,5.011560822E1
6.377878833E0,-3.611194611E1,9.128134918E1,5.023159790E1
6.387933833E0,-3.607299042E1,9.130603790E1,4.963259125E1
6.397989833E0,-3.599506378E1,9.129783630E1,4.979442596E1
6.408044833E0,-3.618682098E1,9.130513000E1,5.001666260E1
6.418100833E0,-3.600669861E1,9.122763062E1,4.981482697E1
6.428155833E0,-3.618357849E1,9.140945435E1,4.992506409E1
6.438211833E0,-3.613510895E1,9.154122925E1,4.963875580E1
6.448266833E0,-3.602838135E1,9.147357941E1,4.981099701E1
6.458322833E0,-3.592169952E1,9.173226929E1,4.990732574E1
6.468377833E0,-3.584135437E1,9.154264069E1,4.988679504E1
6.478433833E0,-3.598662567E1,9.145054626E1,4.989500427E1
6.488488833E0,-3.588298035E1,9.135973358E1,4.961891937E1
6.498544833E0,-3.645299530E1,9.142118073E1,4.984577942E1
6.508599833E0,-3.620550537E1,9.134185791E1,4.974110413E1
6.518655833E0,-3.583348083E1,9.154473877E1,4.985145569E1
6.528710833E0,-3.601924896E1,9.167476654E1,4.990378571E1
6.538766833E0,-3.606018066E1,9.161769867E1,4.949993134E1
6.548821833E0,-3.607740784E1,9.151495361E1,4.970952606E1
6.558877833E0,-3.606021881E1,9.140256500E1,4.977312469E1
6.568932833E0,-3.595461273E1,9.145879364E1,4.956960297E1
6.578988833E0,-3.614034271E1,9.128508759E1,4.958527374E1
6.589043833E0,-3.598204803E1,9.116167450E1,4.959762573E1
6.599099833E0,-3.590373230E1,9.122719574E1,5.012984467E1
6.609154833E0,-3.574794006E1,9.121936035E1,5.020522308E1
6.619210833E0,-3.578068542E1,9.123797607E1,5.004622650E1
6.629265833E0,-3.590126038E1,9.139846039E1,5.027832794E1
6.639321833E0,-3.594573975E1,9.127815247E1,5.004952240E1
6.649376833E0,-3.575743866E1,9.125969696E1,5.015403748E1
6.659432833E0,-3.581530762E1,9.120093536E1,5.024807739E1
6.669487833E0,-3.577415466E1,9.114453125E1,5.009641266E1
6.679543833E0,-3.558752441E1,9.129113007E1,5.004341125E1
6.689598833E0,-3.544891357E1,9.126068878E1,5.008750916E1
6.699654833E0,-3.568599701E1,9.147037506E1,5.013288879E1
6.709709833E0,-3.545302582E1,9.133548737E1,4.997000885E1
6.719765833E0,-3.478691864E1,9.149145508E1,5.019438171E1
6.729820833E0,-3.458438873E1,9.152128601E1,5.038827515E1
6.739876833E0,-3.450009918E1,9.155720520E1,5.012628937E1
6.749931833E0,-3.394311523E1,9.160866547E1,4.989197540E1
6.759987833E0,-3.351219177E1,9.173162079E1,5.015364075E1
6.770042833E0,-3.267818451E1,9.174857330E1,5.008177185E1
6.780098833E0,-3.239218140E1,9.183644867E1,5.002294922E1
6.790154833E0,-3.173503113E1,9.165870667E1,5.042293549E1
6.800209833E0,-3.105463409E1,9.181934357E1,5.033672333E1
6.810264833E0,-3.004956818E1,9.186089325E1,5.047587585E1
6.820320833E0,-2.905050659E1,9.179673767E1,5.045276642E1
6.830376833E0,-2.827875519E1,9.191934967E1,5.063130188E1
6.840431833E0,-2.798882294E1,9.185415649E1,5.017776489E1
6.850487833E0,-2.740113068E1,9.176811981E1,5.063051605E1
6.860542833E0,-2.668092346E1,9.176831818E1,5.045831299E1
6.870598833E0,-2.590523529E1,9.165451813E1,5.044914246E1
6.880653833E0,-2.528074646E1,9.177545929E1,5.047749329E1
6.890709833E0,-2.470145416E1,9.176107025E1,5.062512970E1
6.900764833E0,-2.379431152E1,9.145364380E1,5.062584686E1
6.910820833E0,-2.296218872E1,9.155099487E1,5.046094513E1
6.920875833E0,-2.240841675E1,9.128912354E1,5.068785858E1
6.930931833E0,-2.187255096E1,9.109383392E1,5.055773163E1
6.940986833E0,-2.158376312E1,9.125862885E1,5.091800690E1
6.951042833E0,-2.105744171E1,9.098343658E1,5.069193268E1
6.961097833E0,-2.066905975E1,9.070530701E1,5.064083099E1
6.971153833E0,-2.021336365E1,9.068899536E1,5.064479828E1
6.981208833E0,-1.988374329E1,9.067055511E1,5.036467743E1
6.991264833E0,-1.971576691E1,9.056946564E1,5.032100677E1
7.001319833E0,-1.950370026E1,9.058670044E1,5.042955017E1
7.011375833E0,-1.955355072E1,9.023635864E1,5.097190857E1
7.021430833E0,-1.972212982E1,8.977207184E1,5.131970215E1
7.031486833E0,-1.979626465E1,8.924919891E1,5.201262665E1
7.041541833E0,-1.993959045E1,8.866318512E1,5.260826111E1
7.051597833E0,-1.971271515E1,8.800775909E1,5.292810822E1
7.061652833E0,-1.953678894E1,8.728552246E1,5.343343353E1
7.071708833E0,-1.953447723E1,8.649566650E1,5.385238647E1
7.081763833E0,-1.952403259E1,8.582050323E1,5.427707672E1
7.091819833E0,-1.995902252E1,8.486717987E1,5.515635681E1
7.101874833E0,-2.004660797E1,8.368560028E1,5.539705658E1
7.111930833E0,-2.040013885E1,8.257088470E1,5.627558136E1
7.121985833E0,-2.041812134E1,8.177566528E1,5.696415710E1
7.132041833E0,-2.000553131E1,8.130661011E1,5.730554199E1
7.142096833E0,-1.978025055E1,8.127586365E1,5.729966736E1
7.152152833E0,-1.933267975E1,8.150859833E1,5.767294312E1
7.162207833E0,-1.946159363E1,8.154410553E1,5.736452484E1
7.172264917E0,-1.916691589E1,8.145563507E1,5.710877228E1
7.182319917E0,-1.932954407E1,8.167388916E1,5.712422180E1
7.192375917E0,-1.896955872E1,8.188744354E1,5.675162506E1
7.202430917E0,-1.860248566E1,8.185003662E1,5.669385529E1
7.212486917E0,-1.795984650E1,8.200411987E1,5.663731384E1
7.222541917E0,-1.700271606E1,8.183574677E1,5.652806854E1
7.232597917E0,-1.627018738E1,8.203968048E1,5.631527710E1
7.242652917E0,-1.511651611E1,8.205820465E1,5.568054199E1
7.252708917E0,-1.356015778E1,8.190854645E1,5.520488739E1
7.262763917E0,-1.191833496E1,8.155210876E1,5.502409363E1
7.272819917E0,-1.035473633E1,8.115602875E1,5.498573303E1
7.282874917E0,-8.585044861E0,8.023165894E1,5.475275421E1
7.292930917E0,-7.139564514E0,7.936732483E1,5.467345428E1
7.302985917E0,-5.499572754E0,7.786609650E1,5.416979218E1
7.313041917E0,-3.946945190E0,7.651686096E1,5.411582184E1
7.323096917E0,-2.351631165E0,7.514717865E1,5.403976440E1
7.333152917E0,-8.630218506E-1,7.374143982E1,5.383402252E1
7.343207917E0,7.765045166E-1,7.220214844E1,5.343477631E1
7.353263917E0,2.246353149E0,7.078106689E1,5.308757782E1
7.363319917E0,3.890190125E0,6.899098969E1,5.235799408E1
7.373374917E0,5.677856445E0,6.729873657E1,5.131946564E1
7.383430917E0,7.281898499E0,6.525937653E1,5.060307312E1
7.393485917E0,8.734451294E0,6.366143799E1,4.960482788E1
7.403541917E0,9.840408325E0,6.218550110E1,4.847872162E1
7.413596917E0,1.111759949E1,6.069930267E1,4.757381439E1
7.423652917E0,1.192912674E1,5.958033752E1,4.706419373E1
7.433707917E0,1.265198135E1,5.824700928E1,4.636420441E1
7.443763917E0,1.366112900E1,5.708779144E1,4.553267670E1
7.453818917E0,1.412379456E1,5.584951019E1,4.458925629E1
7.463874917E0,1.451731491E1,5.519333649E1,4.416567993E1
7.473929917E0,1.510717392E1,5.453168488E1,4.331690979E1
7.483985917E0,1.549883270E1,5.336257172E1,4.292532349E1
7.494040917E0,1.575525665E1,5.226892090E1,4.276975250E1
7.504096917E0,1.609769821E1,5.148600006E1,4.229823303E1
7.514151917E0,1.634620285E1,5.091514587E1,4.175914764E1
7.524207917E0,1.677563095E1,4.977639771E1,4.111306763E1
7.534262917E0,1.687218475E1,4.891247559E1,4.036948395E1
7.544318917E0,1.720549774E1,4.848857117E1,3.964601135E1
7.554373917E0,1.741286469E1,4.742169952E1,3.906359863E1
7.564429917E0,1.783757782E1,4.657498169E1,3.805802917E1
7.574484917E0,1.764832306E1,4.626402283E1,3.708681488E1
7.584540917E0,1.794073486E1,4.597977448E1,3.606932831E1
7.594595917E0,1.789652634E1,4.613405609E1,3.559464264E1
7.604651917E0,1.796364212E1,4.606450653E1,3.498657227E1
7.614706917E0,1.797227478E1,4.640489197E1,3.419626617E1
7.624762917E0,1.806508255E1,4.684426117E1,3.350132751E1
7.634817917E0,1.829752350E1,4.724790192E1,3.273915100E1
7.644873917E0,1.894710541E1,4.764031982E1,3.219332123E1
7.654928917E0,1.926314926E1,4.785807800E1,3.180171204E1
7.664984917E0,1.967733765E1,4.779203796E1,3.110305786E1
7.675039917E0,2.037387466E1,4.791241455E1,3.047931671E1
7.685095917E0,2.070912552E1,4.771036530E1,2.953057098E1
7.695150917E0,2.035509491E1,4.790845490E1,2.815262604E1
7.705206917E0,1.952188110E1,4.759950256E1,2.570098877E1
7.715261917E0,1.691439056E1,4.691202545E1,2.199088287E1
7.725317917E0,1.141951370E1,4.478661346E1,2.201479340E1
7.735372917E0,4.277984619E0,4.211240387E1,3.745397186E1
7.745428917E0,3.049499512E0,2.904276085E1,5.800634766E1
7.755483917E0,1.225469208E1,5.392347336E0,6.949370575E1
7.765539917E0,2.910856247E1,-1.862744713E1,6.521720886E1
7.775594917E0,4.442479324E1,-3.150842857E1,5.096528625E1
7.785650917E0,5.226041031E1,-3.330599976E1,3.697364044E1
7.795705917E0,5.397450256E1,-2.959427452E1,2.871253967E1
7.805761917E0,5.253273010E1,-2.537478828E1,2.450778961E1
7.815816917E0,4.992114258E1,-2.192641068E1,2.334872437E1
7.825872917E0,4.768038559E1,-1.975936127E1,2.330619812E1
7.835927917E0,4.598761368E1,-1.838946152E1,2.447104645E1
7.845983917E0,4.517170715E1,-1.769020462E1,2.499279022E1
7.856039917E0,4.440342712E1,-1.737262917E1,2.542915344E1
7.866094917E0,4.389921570E1,-1.725925446E1,2.575745392E1
7.876150917E0,4.355762482E1,-1.703411484E1,2.606943512E1
7.886205917E0,4.368453979E1,-1.737452888E1,2.604544830E1
7.896261917E0,4.356540298E1,-1.718930054E1,2.604793549E1
7.906316917E0,4.367547607E1,-1.659588242E1,2.631842041E1
7.916372917E0,4.367976379E1,-1.644304657E1,2.644187164E1
7.926427917E0,4.346140289E1,-1.661857605E1,2.642906189E1
7.936483917E0,4.328737640E1,-1.667047882E1,2.650890350E1
7.946538917E0,4.337924957E1,-1.636620712E1,2.667575073E1
7.956594917E0,4.347577667E1,-1.608752060E1,2.719634247E1
7.966649917E0,4.344113159E1,-1.583969307E1,2.767322540E1
7.976705917E0,4.334999466E1,-1.544161415E1,2.817707062E1
7.986760917E0,4.333850861E1,-1.546112061E1,2.808856201E1
7.996816917E0,4.323446274E1,-1.525581932E1,2.846047974E1
8.006871917E0,4.309586334E1,-1.479779816E1,2.865242767E1
8.016927917E0,4.303543854E1,-1.444432831E1,2.914213562E1
8.026982917E0,4.305802917E1,-1.433840084E1,2.946681213E1
8.037038917E0,4.300924683E1,-1.408332920E1,2.959838104E1
8.047093917E0,4.280593491E1,-1.365575600E1,2.993189240E1
8.057149917E0,4.281412506E1,-1.350641441E1,3.046680450E1
8.067204917E0,4.288329315E1,-1.333919525E1,3.055944061E1
8.077260917E0,4.274748230E1,-1.288146782E1,3.122869110E1
8.087315917E0,4.241671753E1,-1.278417015E1,3.128715515E1
8.097371917E0,4.226113129E1,-1.250831509E1,3.203485870E1
8.107426917E0,4.200705719E1,-1.215397835E1,3.227285767E1
8.117482917E0,4.218910980E1,-1.191323185E1,3.251216125E1
8.127537917E0,4.220351410E1,-1.134206390E1,3.291947937E1
8.137593917E0,4.185489655E1,-1.093987656E1,3.349140930E1
8.147648917E0,4.205304718E1,-1.056690788E1,3.356820679E1
8.157704917E0,4.182189560E1,-1.024827862E1,3.333189392E1
8.167759667E0,4.160423279E1,-9.933641434E0,3.365176392E1
8.177815667E0,4.158675766E1,-9.434185028E0,3.364890289E1
8.187870667E0,4.157215500E1,-9.243896484E0,3.405617523E1
8.197926667E0,4.124545288E1,-8.742858887E0,3.455162811E1
8.207981667E0,4.146795273E1,-8.337369919E0,3.450197601E1
8.218037667E0,4.131683350E1,-7.927242279E0,3.501610565E1
8.228092667E0,4.120727921E1,-7.246454239E0,3.535357666E1
8.238148667E0,4.108082581E1,-6.868269920E0,3.616078949E1
8.248203667E0,4.088280869E1,-6.538243294E0,3.621721649E1
8.258259667E0,4.072031784E1,-6.428311825E0,3.626007843E1
8.268314667E0,4.053210831E1,-5.933946133E0,3.674254608E1
8.278370667E0,4.004625702E1,-5.469334602E0,3.704547119E1
8.288425667E0,4.006039810E1,-5.052281380E0,3.757695007E1
8.298481667E0,3.991576004E1,-4.651853561E0,3.756620026E1
8.308537667E0,3.969429398E1,-3.940280914E0,3.817023468E1
8.318592667E0,3.956163025E1,-3.425017357E0,3.833974457E1
8.328648667E0,3.944911957E1,-3.001342535E0,3.861679840E1
8.338703667E0,3.938286591E1,-2.231870413E0,3.924474335E1
8.348759667E0,3.887861633E1,-1.781495810E0,3.946985626E1
8.358814667E0,3.851303864E1,-1.203969002E0,3.975425720E1
8.368870667E0,3.819652557E1,-9.034223557E-1,3.987400818E1
8.378925667E0,3.799016571E1,-2.378954887E-1,4.032427216E1
8.388981667E0,3.779043961E1,1.733984947E-1,4.057112885E1
8.399036667E0,3.732721710E1,6.519069672E-1,4.103103638E1
8.409092667E0,3.707631683E1,1.477057457E0,4.160160065E1
8.419147667E0,3.651169205E1,1.900094986E0,4.218279266E1
8.429203667E0,3.623955536E1,2.545434952E0,4.241292572E1
8.439258667E0,3.572942352E1,3.326373100E0,4.285334015E1
8.449314667E0,3.555516434E1,3.813489914E0,4.318836975E1
8.459369667E0,3.503024292E1,4.377371788E0,4.340718842E1
8.469425667E0,3.456274414E1,5.006853104E0,4.398540497E1
8.479480667E0,3.372644806E1,5.899762154E0,4.399230194E1
8.489536667E0,3.348273087E1,6.432588577E0,4.430144501E1
8.499591667E0,3.288486099E1,7.060785294E0,4.486048889E1
8.509647667E0,3.245570755E1,7.696999550E0,4.508770752E1
8.519702667E0,3.210376358E1,8.102701187E0,4.516108704E1
8.529758667E0,3.154611588E1,8.899587631E0,4.541905212E1
8.539813667E0,3.089218140E1,9.256420135E0,4.603851318E1
8.549869667E0,3.047769165E1,9.879544258E0,4.635269928E1
8.559924667E0,2.974433517E1,1.066644096E1,4.672898865E1
8.569980667E0,2.919770813E1,1.138492584E1,4.713589478E1
8.580035667E0,2.850433350E1,1.211947250E1,4.722828674E1
8.590091667E0,2.772853470E1,1.302203560E1,4.774757385E1
8.600146667E0,2.686520767E1,1.393432045E1,4.782299042E1
8.610202667E0,2.610883713E1,1.491213989E1,4.793022156E1
8.620257667E0,2.517168045E1,1.621374512E1,4.823471069E1
8.630313667E0,2.450369644E1,1.704933548E1,4.822641754E1
8.640368667E0,2.343997574E1,1.820182610E1,4.822531128E1
8.650424667E0,2.254571152E1,1.918006897E1,4.813905334E1
8.660479667E0,2.163085556E1,2.029380989E1,4.845132446E1
8.670535667E0,2.071297455E1,2.125925636E1,4.869210815E1
8.680591667E0,2.028428650E1,2.215484619E1,4.847370911E1
8.690646667E0,1.918309021E1,2.309017563E1,4.820085144E1
8.700702667E0,1.822783279E1,2.406898689E1,4.828898621E1
8.710757667E0,1.736117554E1,2.469000053E1,4.824868774E1
8.720813667E0,1.648328018E1,2.541938019E1,4.843927002E1
8.730868667E0,1.568905258E1,2.601790237E1,4.824703979E1
8.740924667E0,1.500102997E1,2.692378807E1,4.815426636E1
8.750979667E0,1.456388092E1,2.764216042E1,4.788205719E1
8.761035667E0,1.390708160E1,2.823259163E1,4.774318695E1
8.771090667E0,1.347061157E1,2.865751076E1,4.770320892E1
8.781146667E0,1.312672424E1,2.901435280E1,4.741802216E1
8.791201667E0,1.271407700E1,2.954520607E1,4.727532196E1
8.801257667E0,1.238727570E1,3.011227989E1,4.713148499E1
8.811312667E0,1.197499466E1,3.050669670E1,4.678404236E1
8.821368667E0,1.157212448E1,3.075131798E1,4.651754761E1
8.831423667E0,1.085913086E1,3.133703804E1,4.643889618E1
8.841479667E0,1.030639648E1,3.190557671E1,4.606873322E1
8.851534667E0,9.821952820E0,3.214249420E1,4.582097626E1
8.861590667E0,9.678848267E0,3.256056213E1,4.558259583E1
8.871645667E0,9.117828369E0,3.326419067E1,4.541610718E1
8.881701667E0,8.857131958E0,3.369858551E1,4.516963196E1
8.891756667E0,8.362693787E0,3.428530884E1,4.491783142E1
8.901812667E0,8.070007324E0,3.451335907E1,4.462155914E1
8.911867667E0,7.822113037E0,3.500647736E1,4.448078918E1
8.921923667E0,7.372077942E0,3.537046051E1,4.449308777E1
8.931978667E0,7.359321594E0,3.571177673E1,4.429323578E1
8.942034667E0,6.935768127E0,3.583544922E1,4.428557587E1
8.952089667E0,6.401809692E0,3.582772064E1,4.411836243E1
8.962145667E0,6.101791382E0,3.597393799E1,4.422616577E1
8.972200667E0,5.539680481E0,3.602906799E1,4.407308197E1
8.982256667E0,5.562782288E0,3.611675262E1,4.380894470E1
8.992311667E0,5.011123657E0,3.629040527E1,4.358845520E1
9.002367667E0,4.732704163E0,3.659217834E1,4.368421936E1
9.012422667E0,4.452438354E0,3.679058075E1,4.360014343E1
9.022478667E0,4.127838135E0,3.725615692E1,4.325513458E1
9.032534667E0,4.188430786E0,3.749024963E1,4.322047424E1
9.042589667E0,3.940322876E0,3.786620331E1,4.266692352E1
9.052645667E0,3.587150574E0,3.788700867E1,4.250490570E1
9.062700667E0,3.002471924E0,3.799299622E1,4.269465637E1
9.072756667E0,2.498931885E0,3.820478821E1,4.248768616E1
9.082811667E0,2.087028503E0,3.831602478E1,4.281778717E1
9.092867667E0,1.838157654E0,3.797863007E1,4.276541901E1
9.102922667E0,1.251693726E0,3.787762451E1,4.289738464E1
9.112978667E0,4.176788330E-1,3.795700073E1,4.320043182E1
9.123033667E0,-3.850402832E-1,3.788052368E1,4.345300293E1
9.133089667E0,-9.822998047E-1,3.772710419E1,4.332569122E1
9.143144667E0,-1.696052551E0,3.770932007E1,4.300028992E1
9.153200667E0,-2.624374390E0,3.805390167E1,4.301803589E1
9.163255667E0,-3.465408325E0,3.790021515E1,4.292745209E1
9.173312042E0,-3.505149841E0,3.791815948E1,4.261141968E1
9.183367042E0,-3.672920227E0,3.768743896E1,4.274488068E1
9.193423042E0,-4.109313965E0,3.735478973E1,4.304662323E1
9.203478042E0,-4.166023254E0,3.763076782E1,4.293848419E1
9.213534042E0,-4.604591370E0,3.750671387E1,4.318283081E1
9.223589042E0,-4.940589905E0,3.750338745E1,4.338339233E1
9.233645042E0,-5.167999268E0,3.735134125E1,4.373856354E1
9.243700042E0,-5.358551025E0,3.728459167E1,4.363333893E1
9.253756042E0,-5.695419312E0,3.739860535E1,4.365380096E1
9.263811042E0,-5.946937561E0,3.729269409E1,4.319779205E1
9.273867042E0,-6.073394775E0,3.723622894E1,4.345143890E1
9.283922042E0,-6.304496765E0,3.713529968E1,4.329637909E1
9.293978042E0,-6.531623840E0,3.715260315E1,4.328187561E1
9.304033042E0,-6.999008179E0,3.718172455E1,4.313127899E1
9.314089042E0,-7.423332214E0,3.729420471E1,4.329914093E1
9.324144042E0,-7.700508118E0,3.740848541E1,4.292016602E1
9.334200042E0,-7.743202209E0,3.688176727E1,4.289675903E1
9.344255042E0,-7.876152039E0,3.690585327E1,4.305734253E1
9.354311042E0,-8.144508362E0,3.706302643E1,4.282489777E1
9.364366042E0,-8.294914246E0,3.698625183E1,4.285576630E1
9.374422042E0,-8.418075562E0,3.700564575E1,4.304909515E1
9.384478042E0,-8.475494385E0,3.705171204E1,4.290461731E1
9.394533042E0,-8.600807190E0,3.691310883E1,4.334371185E1
9.404589042E0,-9.057327271E0,3.706735229E1,4.353817749E1
9.414644042E0,-8.891960144E0,3.719176483E1,4.292481995E1
9.424700042E0,-9.080650330E0,3.727005005E1,4.308156586E1
9.434755042E0,-9.256469727E0,3.726550293E1,4.310187531E1
9.444811042E0,-9.413345337E0,3.710752869E1,4.287293243E1
9.454866042E0,-9.454277039E0,3.726059723E1,4.309789276E1
9.464922042E0,-9.564949036E0,3.718574524E1,4.314376831E1
9.474977042E0,-9.527107239E0,3.701312256E1,4.307201385E1
9.485033042E0,-9.563514709E0,3.714163208E1,4.320985413E1
9.495088042E0,-9.556297302E0,3.702088165E1,4.314341736E1
9.505144042E0,-9.683746338E0,3.708470917E1,4.288201141E1
9.515199042E0,-9.568038940E0,3.725116730E1,4.279779816E1
9.525255042E0,-9.537254333E0,3.716799927E1,4.283422089E1
9.535310042E0,-9.667785645E0,3.710367584E1,4.274771881E1
9.545366042E0,-9.741165161E0,3.686394501E1,4.294365692E1
9.555421042E0,-9.690025330E0,3.699230194E1,4.292620850E1
9.565477042E0,-9.571578979E0,3.703461456E1,4.311070251E1
9.575532042E0,-9.420471191E0,3.709224701E1,4.312729645E1
9.585588042E0,-9.603202820E0,3.726528931E1,4.322174835E1
9.595643042E0,-9.691703796E0,3.708168793E1,4.300061035E1
9.605699042E0,-9.564796448E0,3.690083313E1,4.324281311E1
9.615754042E0,-9.836837769E0,3.716507721E1,4.324927521E1
9.625810042E0,-9.742248535E0,3.695720673E1,4.305991364E1
9.635865042E0,-9.724617004E0,3.702164459E1,4.313966370E1
9.645921042E0,-9.905960083E0,3.711454010E1,4.312535095E1
9.655976042E0,-9.751960754E0,3.715731049E1,4.289299011E1
9.666032042E0,-9.818611145E0,3.699944305E1,4.319660950E1
9.676088042E0,-9.944053650E0,3.693040466E1,4.342395782E1
9.686143042E0,-9.843635559E0,3.683860779E1,4.289657593E1
9.696199042E0,-9.840919495E0,3.693624115E1,4.287045288E1
9.706254042E0,-1.031597900E1,3.711172485E1,4.260524750E1
9.716310042E0,-1.037374878E1,3.717963409E1,4.308335114E1
9.726365042E0,-1.018614960E1,3.721228027E1,4.329776764E1
9.736421042E0,-1.011534119E1,3.719442749E1,4.348215485E1
9.746476042E0,-1.001991272E1,3.718046570E1,4.309111786E1
9.756532042E0,-9.914192200E0,3.706661987E1,4.257487488E1
9.766587042E0,-9.925224304E0,3.701256561E1,4.299865723E1
9.776643042E0,-9.922355652E0,3.695968628E1,4.283589172E1
9.786698042E0,-9.937973022E0,3.696892548E1,4.277452087E1
9.796754042E0,-1.014144897E1,3.706668854E1,4.254317474E1
9.806809042E0,-9.964141846E0,3.699060059E1,4.267053986E1
9.816865042E0,-9.743019104E0,3.692855835E1,4.239655304E1
9.826920042E0,-9.800804138E0,3.687657928E1,4.267847443E1
9.836976042E0,-9.820686340E0,3.706011200E1,4.275034332E1
9.847031042E0,-9.844268799E0,3.684206390E1,4.281561279E1
9.857087042E0,-9.855537415E0,3.705152130E1,4.254553223E1
9.867142042E0,-9.724945068E0,3.679367065E1,4.266450500E1
9.877198042E0,-9.939987183E0,3.689007568E1,4.229778290E1
9.887253042E0,-1.002001953E1,3.707467651E1,4.244598389E1
9.897309042E0,-1.006195831E1,3.707772827E1,4.252256775E1
9.907364042E0,-9.960136414E0,3.700038910E1,4.271452332E1
9.917420042E0,-9.774360657E0,3.696498871E1,4.262436676E1
9.927475042E0,-9.723037720E0,3.695507812E1,4.307107544E1
9.937531042E0,-9.643142700E0,3.709786224E1,4.299577332E1
9.947586042E0,-9.687393188E0,3.728842926E1,4.329369354E1
9.957642042E0,-9.628074646E0,3.741365814E1,4.307704163E1
9.967697042E0,-9.736106873E0,3.736276245E1,4.298635101E1
9.977753042E0,-9.781723022E0,3.741665649E1,4.299647522E1
9.987809042E0,-9.890426636E0,3.717411804E1,4.277735138E1
9.997864042E0,-9.635360718E0,3.701771545E1,4.290644073E1
1.000792004E1,-9.739311218E0,3.713145447E1,4.295011139E1
1.001797504E1,-9.659523010E0,3.692242432E1,4.287799835E1
1.002803104E1,-9.587982178E0,3.691973114E1,4.281443787E1
1.003808604E1,-9.616088867E0,3.704534149E1,4.266787720E1
1.004814204E1,-9.446998596E0,3.717797089E1,4.258232880E1
1.005819704E1,-9.500259399E0,3.720263672E1,4.264600372E1
1.006825304E1,-9.567230225E0,3.717140961E1,4.296334839E1
1.007830804E1,-9.791618347E0,3.720475769E1,4.290502167E1
1.008836404E1,-9.764472961E0,3.710495758E1,4.285475159E1
1.009841904E1,-9.725585938E0,3.703636932E1,4.289635468E1
1.010847504E1,-9.951820374E0,3.697500610E1,4.264540100E1
1.011853004E1,-9.891578674E0,3.706272125E1,4.243731689E1
1.012858604E1,-9.608184814E0,3.687176514E1,4.252810669E1
1.013864104E1,-1.004585266E1,3.687348175E1,4.292626953E1
1.014869704E1,-9.982757568E0,3.679650116E1,4.310663605E1
1.015875204E1,-9.868377686E0,3.688349915E1,4.304433441E1
1.016880742E1,-9.912414551E0,3.691973114E1,4.278800964E1
1.017886242E1,-9.762451172E0,3.682650757E1,4.319213104E1
1.018891842E1,-9.762985229E0,3.703362274E1,4.315953827E1
1.019897342E1,-9.794128418E0,3.695649719E1,4.323838043E1
1.020902942E1,-9.912033081E0,3.692466736E1,4.322441101E1
1.021908442E1,-9.718101501E0,3.696505737E1,4.274143219E1
1.022914042E1,-9.779182434E0,3.669744873E1,4.296953583E1
1.023919542E1,-9.858406067E0,3.682543182E1,4.281376648E1
1.024925142E1,-9.614654541E0,3.678487396E1,4.323818207E1
1.025930742E1,-9.785919189E0,3.700323486E1,4.299410248E1
1.026936242E1,-9.826545715E0,3.695008087E1,4.264591217E1
1.027941842E1,-9.962539673E0,3.693386078E1,4.303177643E1
1.028947342E1,-9.768630981E0,3.710260010E1,4.269732666E1
1.029952942E1,-9.720909119E0,3.700724030E1,4.272215271E1
1.030958442E1,-9.558319092E0,3.714144135E1,4.278829193E1
1.031964042E1,-9.792007446E0,3.707480621E1,4.244464874E1
1.032969542E1,-9.872673035E0,3.697422791E1,4.292353821E1
1.033975142E1,-9.706352234E0,3.679739380E1,4.289275360E1
1.034980642E1,-9.713287354E0,3.708342743E1,4.283238220E1
1.035986242E1,-9.581497192E0,3.708171082E1,4.287317657E1
1.036991742E1,-9.681228638E0,3.718780518E1,4.273670959E1
1.037997342E1,-9.766540527E0,3.728186035E1,4.268925476E1
1.039002842E1,-9.545822144E0,3.726500702E1,4.282842255E1
1.040008442E1,-9.606895447E0,3.710658264E1,4.274904633E1
1.041013942E1,-9.578956604E0,3.702133942E1,4.281278992E1
1.042019542E1,-9.599388123E0,3.687419891E1,4.307351685E1
1.043025042E1,-9.785957336E0,3.696053314E1,4.256995392E1
1.044030642E1,-9.748817444E0,3.695280457E1,4.261401367E1
1.045036142E1,-9.496116638E0,3.684236908E1,4.254605865E1
1.046041742E1,-9.598777771E0,3.694879150E1,4.247134399E1
1.047047242E1,-9.588706970E0,3.704598236E1,4.272884369E1
1.048052842E1,-9.657821655E0,3.695533752E1,4.278746033E1
1.049058342E1,-9.672080994E0,3.715571594E1,4.269325256E1
1.050063942E1,-9.455810547E0,3.702477264E1,4.278006744E1
1.051069542E1,-9.620872498E0,3.688716125E1,4.258180237E1
1.052075042E1,-9.786705017E0,3.668991089E1,4.264180756E1
1.053080642E1,-9.735534668E0,3.700515747E1,4.279209137E1
1.054086142E1,-9.677581787E0,3.685206604E1,4.270369720E1
1.055091742E1,-9.625198364E0,3.683906555E1,4.277152252E1
1.056097242E1,-9.735710144E0,3.696040344E1,4.266300201E1
1.057102842E1,-9.545173645E0,3.693201447E1,4.256983185E1
1.058108342E1,-9.793601990E0,3.704320526E1,4.291908264E1
1.059113942E1,-9.589454651E0,3.705076599E1,4.282292175E1
1.060119442E1,-9.731506348E0,3.722843933E1,4.284828949E1
1.061125042E1,-9.437210083E0,3.679573059E1,4.308849335E1
1.062130542E1,-9.605094910E0,3.675664520E1,4.328202820E1
1.063136142E1,-9.811630249E0,3.703840637E1,4.318028259E1
1.064141642E1,-9.720474243E0,3.696009827E1,4.288778687E1
1.065147242E1,-9.723106384E0,3.685550690E1,4.260192871E1
1.066152742E1,-9.557449341E0,3.708007812E1,4.275910950E1